<?xml version="1.0" encoding="UTF-8" standalone="no"?><?xml-stylesheet type="text/xsl" href="../lib/xsl/lexan.xsl"?><lexan><term lexeme="fun" token="KEYWORD_FUN"><location begcolumn="1" begline="13" endcolumn="3" endline="13" loc="13.1 - 13.3"/></term><term lexeme="exit" token="IDENTIFIER"><location begcolumn="5" begline="13" endcolumn="8" endline="13" loc="13.5 - 13.8"/></term><term lexeme="(" token="SYMBOL_LBR"><location begcolumn="9" begline="13" endcolumn="9" endline="13" loc="13.9 - 13.9"/></term><term lexeme=")" token="SYMBOL_RBR"><location begcolumn="10" begline="13" endcolumn="10" endline="13" loc="13.10 - 13.10"/></term><term lexeme=":" token="SYMBOL_COLON"><location begcolumn="11" begline="13" endcolumn="11" endline="13" loc="13.11 - 13.11"/></term><term lexeme="void" token="KEYWORD_VOID"><location begcolumn="12" begline="13" endcolumn="15" endline="13" loc="13.12 - 13.15"/></term><term lexeme="=" token="SYMBOL_EQUALS"><location begcolumn="17" begline="13" endcolumn="17" endline="13" loc="13.17 - 13.17"/></term><term lexeme="none" token="VOID"><location begcolumn="19" begline="13" endcolumn="22" endline="13" loc="13.19 - 13.22"/></term><term lexeme="fun" token="KEYWORD_FUN"><location begcolumn="1" begline="14" endcolumn="3" endline="14" loc="14.1 - 14.3"/></term><term lexeme="putChar" token="IDENTIFIER"><location begcolumn="5" begline="14" endcolumn="11" endline="14" loc="14.5 - 14.11"/></term><term lexeme="(" token="SYMBOL_LBR"><location begcolumn="12" begline="14" endcolumn="12" endline="14" loc="14.12 - 14.12"/></term><term lexeme="c" token="IDENTIFIER"><location begcolumn="13" begline="14" endcolumn="13" endline="14" loc="14.13 - 14.13"/></term><term lexeme=":" token="SYMBOL_COLON"><location begcolumn="14" begline="14" endcolumn="14" endline="14" loc="14.14 - 14.14"/></term><term lexeme="char" token="KEYWORD_CHAR"><location begcolumn="15" begline="14" endcolumn="18" endline="14" loc="14.15 - 14.18"/></term><term lexeme=")" token="SYMBOL_RBR"><location begcolumn="19" begline="14" endcolumn="19" endline="14" loc="14.19 - 14.19"/></term><term lexeme=":" token="SYMBOL_COLON"><location begcolumn="20" begline="14" endcolumn="20" endline="14" loc="14.20 - 14.20"/></term><term lexeme="void" token="KEYWORD_VOID"><location begcolumn="21" begline="14" endcolumn="24" endline="14" loc="14.21 - 14.24"/></term><term lexeme="=" token="SYMBOL_EQUALS"><location begcolumn="26" begline="14" endcolumn="26" endline="14" loc="14.26 - 14.26"/></term><term lexeme="none" token="VOID"><location begcolumn="28" begline="14" endcolumn="31" endline="14" loc="14.28 - 14.31"/></term><term lexeme="fun" token="KEYWORD_FUN"><location begcolumn="1" begline="15" endcolumn="3" endline="15" loc="15.1 - 15.3"/></term><term lexeme="getChar" token="IDENTIFIER"><location begcolumn="5" begline="15" endcolumn="11" endline="15" loc="15.5 - 15.11"/></term><term lexeme="(" token="SYMBOL_LBR"><location begcolumn="12" begline="15" endcolumn="12" endline="15" loc="15.12 - 15.12"/></term><term lexeme=")" token="SYMBOL_RBR"><location begcolumn="13" begline="15" endcolumn="13" endline="15" loc="15.13 - 15.13"/></term><term lexeme=":" token="SYMBOL_COLON"><location begcolumn="14" begline="15" endcolumn="14" endline="15" loc="15.14 - 15.14"/></term><term lexeme="char" token="KEYWORD_CHAR"><location begcolumn="15" begline="15" endcolumn="18" endline="15" loc="15.15 - 15.18"/></term><term lexeme="=" token="SYMBOL_EQUALS"><location begcolumn="20" begline="15" endcolumn="20" endline="15" loc="15.20 - 15.20"/></term><term lexeme="(" token="SYMBOL_LBR"><location begcolumn="22" begline="15" endcolumn="22" endline="15" loc="15.22 - 15.22"/></term><term lexeme="0" token="INTEGER"><location begcolumn="23" begline="15" endcolumn="23" endline="15" loc="15.23 - 15.23"/></term><term lexeme=":" token="SYMBOL_COLON"><location begcolumn="24" begline="15" endcolumn="24" endline="15" loc="15.24 - 15.24"/></term><term lexeme="char" token="KEYWORD_CHAR"><location begcolumn="25" begline="15" endcolumn="28" endline="15" loc="15.25 - 15.28"/></term><term lexeme=")" token="SYMBOL_RBR"><location begcolumn="29" begline="15" endcolumn="29" endline="15" loc="15.29 - 15.29"/></term><term lexeme="fun" token="KEYWORD_FUN"><location begcolumn="1" begline="17" endcolumn="3" endline="17" loc="17.1 - 17.3"/></term><term lexeme="putInteger" token="IDENTIFIER"><location begcolumn="5" begline="17" endcolumn="14" endline="17" loc="17.5 - 17.14"/></term><term lexeme="(" token="SYMBOL_LBR"><location begcolumn="15" begline="17" endcolumn="15" endline="17" loc="17.15 - 17.15"/></term><term lexeme="i" token="IDENTIFIER"><location begcolumn="16" begline="17" endcolumn="16" endline="17" loc="17.16 - 17.16"/></term><term lexeme=":" token="SYMBOL_COLON"><location begcolumn="17" begline="17" endcolumn="17" endline="17" loc="17.17 - 17.17"/></term><term lexeme="integer" token="KEYWORD_INT"><location begcolumn="18" begline="17" endcolumn="24" endline="17" loc="17.18 - 17.24"/></term><term lexeme=")" token="SYMBOL_RBR"><location begcolumn="25" begline="17" endcolumn="25" endline="17" loc="17.25 - 17.25"/></term><term lexeme=":" token="SYMBOL_COLON"><location begcolumn="26" begline="17" endcolumn="26" endline="17" loc="17.26 - 17.26"/></term><term lexeme="void" token="KEYWORD_VOID"><location begcolumn="27" begline="17" endcolumn="30" endline="17" loc="17.27 - 17.30"/></term><term lexeme="=" token="SYMBOL_EQUALS"><location begcolumn="32" begline="17" endcolumn="32" endline="17" loc="17.32 - 17.32"/></term><term lexeme="{" token="SYMBOL_LCBR"><location begcolumn="5" begline="18" endcolumn="5" endline="18" loc="18.5 - 18.5"/></term><term lexeme="if" token="KEYWORD_IF"><location begcolumn="7" begline="19" endcolumn="8" endline="19" loc="19.7 - 19.8"/></term><term lexeme="(" token="SYMBOL_LBR"><location begcolumn="10" begline="19" endcolumn="10" endline="19" loc="19.10 - 19.10"/></term><term lexeme="i" token="IDENTIFIER"><location begcolumn="11" begline="19" endcolumn="11" endline="19" loc="19.11 - 19.11"/></term><term lexeme="&lt;" token="SYMBOL_LT"><location begcolumn="12" begline="19" endcolumn="12" endline="19" loc="19.12 - 19.12"/></term><term lexeme="0" token="INTEGER"><location begcolumn="13" begline="19" endcolumn="13" endline="19" loc="19.13 - 19.13"/></term><term lexeme=")" token="SYMBOL_RBR"><location begcolumn="14" begline="19" endcolumn="14" endline="19" loc="19.14 - 19.14"/></term><term lexeme="then" token="KEYWORD_THEN"><location begcolumn="16" begline="19" endcolumn="19" endline="19" loc="19.16 - 19.19"/></term><term lexeme="{" token="SYMBOL_LCBR"><location begcolumn="21" begline="19" endcolumn="21" endline="19" loc="19.21 - 19.21"/></term><term lexeme="putChar" token="IDENTIFIER"><location begcolumn="23" begline="19" endcolumn="29" endline="19" loc="19.23 - 19.29"/></term><term lexeme="(" token="SYMBOL_LBR"><location begcolumn="30" begline="19" endcolumn="30" endline="19" loc="19.30 - 19.30"/></term><term lexeme="'-'" token="CHAR"><location begcolumn="31" begline="19" endcolumn="33" endline="19" loc="19.31 - 19.33"/></term><term lexeme=")" token="SYMBOL_RBR"><location begcolumn="34" begline="19" endcolumn="34" endline="19" loc="19.34 - 19.34"/></term><term lexeme=";" token="SYMBOL_SEMIC"><location begcolumn="35" begline="19" endcolumn="35" endline="19" loc="19.35 - 19.35"/></term><term lexeme="i" token="IDENTIFIER"><location begcolumn="37" begline="19" endcolumn="37" endline="19" loc="19.37 - 19.37"/></term><term lexeme="=" token="SYMBOL_EQUALS"><location begcolumn="38" begline="19" endcolumn="38" endline="19" loc="19.38 - 19.38"/></term><term lexeme="-" token="SYMBOL_MIN"><location begcolumn="39" begline="19" endcolumn="39" endline="19" loc="19.39 - 19.39"/></term><term lexeme="i" token="IDENTIFIER"><location begcolumn="40" begline="19" endcolumn="40" endline="19" loc="19.40 - 19.40"/></term><term lexeme=";" token="SYMBOL_SEMIC"><location begcolumn="41" begline="19" endcolumn="41" endline="19" loc="19.41 - 19.41"/></term><term lexeme="}" token="SYMBOL_RCBR"><location begcolumn="43" begline="19" endcolumn="43" endline="19" loc="19.43 - 19.43"/></term><term lexeme="else" token="KEYWORD_ELSE"><location begcolumn="45" begline="19" endcolumn="48" endline="19" loc="19.45 - 19.48"/></term><term lexeme="none" token="VOID"><location begcolumn="50" begline="19" endcolumn="53" endline="19" loc="19.50 - 19.53"/></term><term lexeme=";" token="SYMBOL_SEMIC"><location begcolumn="54" begline="19" endcolumn="54" endline="19" loc="19.54 - 19.54"/></term><term lexeme="if" token="KEYWORD_IF"><location begcolumn="7" begline="20" endcolumn="8" endline="20" loc="20.7 - 20.8"/></term><term lexeme="(" token="SYMBOL_LBR"><location begcolumn="10" begline="20" endcolumn="10" endline="20" loc="20.10 - 20.10"/></term><term lexeme="i" token="IDENTIFIER"><location begcolumn="11" begline="20" endcolumn="11" endline="20" loc="20.11 - 20.11"/></term><term lexeme="==" token="SYMBOL_EQ"><location begcolumn="12" begline="20" endcolumn="13" endline="20" loc="20.12 - 20.13"/></term><term lexeme="0" token="INTEGER"><location begcolumn="14" begline="20" endcolumn="14" endline="20" loc="20.14 - 20.14"/></term><term lexeme=")" token="SYMBOL_RBR"><location begcolumn="15" begline="20" endcolumn="15" endline="20" loc="20.15 - 20.15"/></term><term lexeme="then" token="KEYWORD_THEN"><location begcolumn="17" begline="20" endcolumn="20" endline="20" loc="20.17 - 20.20"/></term><term lexeme="putChar" token="IDENTIFIER"><location begcolumn="22" begline="20" endcolumn="28" endline="20" loc="20.22 - 20.28"/></term><term lexeme="(" token="SYMBOL_LBR"><location begcolumn="29" begline="20" endcolumn="29" endline="20" loc="20.29 - 20.29"/></term><term lexeme="'0'" token="CHAR"><location begcolumn="30" begline="20" endcolumn="32" endline="20" loc="20.30 - 20.32"/></term><term lexeme=")" token="SYMBOL_RBR"><location begcolumn="33" begline="20" endcolumn="33" endline="20" loc="20.33 - 20.33"/></term><term lexeme="else" token="KEYWORD_ELSE"><location begcolumn="35" begline="20" endcolumn="38" endline="20" loc="20.35 - 20.38"/></term><term lexeme="put" token="IDENTIFIER"><location begcolumn="40" begline="20" endcolumn="42" endline="20" loc="20.40 - 20.42"/></term><term lexeme="(" token="SYMBOL_LBR"><location begcolumn="43" begline="20" endcolumn="43" endline="20" loc="20.43 - 20.43"/></term><term lexeme="i" token="IDENTIFIER"><location begcolumn="44" begline="20" endcolumn="44" endline="20" loc="20.44 - 20.44"/></term><term lexeme=")" token="SYMBOL_RBR"><location begcolumn="45" begline="20" endcolumn="45" endline="20" loc="20.45 - 20.45"/></term><term lexeme=";" token="SYMBOL_SEMIC"><location begcolumn="46" begline="20" endcolumn="46" endline="20" loc="20.46 - 20.46"/></term><term lexeme="}" token="SYMBOL_RCBR"><location begcolumn="5" begline="21" endcolumn="5" endline="21" loc="21.5 - 21.5"/></term><term lexeme="where" token="KEYWORD_WHERE"><location begcolumn="5" begline="22" endcolumn="9" endline="22" loc="22.5 - 22.9"/></term><term lexeme="{" token="SYMBOL_LCBR"><location begcolumn="5" begline="23" endcolumn="5" endline="23" loc="23.5 - 23.5"/></term><term lexeme="fun" token="KEYWORD_FUN"><location begcolumn="7" begline="24" endcolumn="9" endline="24" loc="24.7 - 24.9"/></term><term lexeme="put" token="IDENTIFIER"><location begcolumn="11" begline="24" endcolumn="13" endline="24" loc="24.11 - 24.13"/></term><term lexeme="(" token="SYMBOL_LBR"><location begcolumn="14" begline="24" endcolumn="14" endline="24" loc="24.14 - 24.14"/></term><term lexeme="i" token="IDENTIFIER"><location begcolumn="15" begline="24" endcolumn="15" endline="24" loc="24.15 - 24.15"/></term><term lexeme=":" token="SYMBOL_COLON"><location begcolumn="16" begline="24" endcolumn="16" endline="24" loc="24.16 - 24.16"/></term><term lexeme="integer" token="KEYWORD_INT"><location begcolumn="17" begline="24" endcolumn="23" endline="24" loc="24.17 - 24.23"/></term><term lexeme=")" token="SYMBOL_RBR"><location begcolumn="24" begline="24" endcolumn="24" endline="24" loc="24.24 - 24.24"/></term><term lexeme=":" token="SYMBOL_COLON"><location begcolumn="25" begline="24" endcolumn="25" endline="24" loc="24.25 - 24.25"/></term><term lexeme="void" token="KEYWORD_VOID"><location begcolumn="26" begline="24" endcolumn="29" endline="24" loc="24.26 - 24.29"/></term><term lexeme="=" token="SYMBOL_EQUALS"><location begcolumn="31" begline="24" endcolumn="31" endline="24" loc="24.31 - 24.31"/></term><term lexeme="{" token="SYMBOL_LCBR"><location begcolumn="11" begline="25" endcolumn="11" endline="25" loc="25.11 - 25.11"/></term><term lexeme="if" token="KEYWORD_IF"><location begcolumn="13" begline="26" endcolumn="14" endline="26" loc="26.13 - 26.14"/></term><term lexeme="(" token="SYMBOL_LBR"><location begcolumn="16" begline="26" endcolumn="16" endline="26" loc="26.16 - 26.16"/></term><term lexeme="i" token="IDENTIFIER"><location begcolumn="17" begline="26" endcolumn="17" endline="26" loc="26.17 - 26.17"/></term><term lexeme="==" token="SYMBOL_EQ"><location begcolumn="18" begline="26" endcolumn="19" endline="26" loc="26.18 - 26.19"/></term><term lexeme="0" token="INTEGER"><location begcolumn="20" begline="26" endcolumn="20" endline="26" loc="26.20 - 26.20"/></term><term lexeme=")" token="SYMBOL_RBR"><location begcolumn="21" begline="26" endcolumn="21" endline="26" loc="26.21 - 26.21"/></term><term lexeme="then" token="KEYWORD_THEN"><location begcolumn="23" begline="26" endcolumn="26" endline="26" loc="26.23 - 26.26"/></term><term lexeme="none" token="VOID"><location begcolumn="28" begline="26" endcolumn="31" endline="26" loc="26.28 - 26.31"/></term><term lexeme="else" token="KEYWORD_ELSE"><location begcolumn="33" begline="26" endcolumn="36" endline="26" loc="26.33 - 26.36"/></term><term lexeme="{" token="SYMBOL_LCBR"><location begcolumn="38" begline="26" endcolumn="38" endline="26" loc="26.38 - 26.38"/></term><term lexeme="put" token="IDENTIFIER"><location begcolumn="15" begline="27" endcolumn="17" endline="27" loc="27.15 - 27.17"/></term><term lexeme="(" token="SYMBOL_LBR"><location begcolumn="18" begline="27" endcolumn="18" endline="27" loc="27.18 - 27.18"/></term><term lexeme="i" token="IDENTIFIER"><location begcolumn="19" begline="27" endcolumn="19" endline="27" loc="27.19 - 27.19"/></term><term lexeme="/" token="SYMBOL_SLASH"><location begcolumn="20" begline="27" endcolumn="20" endline="27" loc="27.20 - 27.20"/></term><term lexeme="10" token="INTEGER"><location begcolumn="21" begline="27" endcolumn="22" endline="27" loc="27.21 - 27.22"/></term><term lexeme=")" token="SYMBOL_RBR"><location begcolumn="23" begline="27" endcolumn="23" endline="27" loc="27.23 - 27.23"/></term><term lexeme=";" token="SYMBOL_SEMIC"><location begcolumn="24" begline="27" endcolumn="24" endline="27" loc="27.24 - 27.24"/></term><term lexeme="putChar" token="IDENTIFIER"><location begcolumn="15" begline="28" endcolumn="21" endline="28" loc="28.15 - 28.21"/></term><term lexeme="(" token="SYMBOL_LBR"><location begcolumn="22" begline="28" endcolumn="22" endline="28" loc="28.22 - 28.22"/></term><term lexeme="(" token="SYMBOL_LBR"><location begcolumn="23" begline="28" endcolumn="23" endline="28" loc="28.23 - 28.23"/></term><term lexeme="(" token="SYMBOL_LBR"><location begcolumn="24" begline="28" endcolumn="24" endline="28" loc="28.24 - 28.24"/></term><term lexeme="i" token="IDENTIFIER"><location begcolumn="25" begline="28" endcolumn="25" endline="28" loc="28.25 - 28.25"/></term><term lexeme="%" token="SYMBOL_MOD"><location begcolumn="26" begline="28" endcolumn="26" endline="28" loc="28.26 - 28.26"/></term><term lexeme="10" token="INTEGER"><location begcolumn="27" begline="28" endcolumn="28" endline="28" loc="28.27 - 28.28"/></term><term lexeme="+" token="SYMBOL_PLUS"><location begcolumn="29" begline="28" endcolumn="29" endline="28" loc="28.29 - 28.29"/></term><term lexeme="(" token="SYMBOL_LBR"><location begcolumn="30" begline="28" endcolumn="30" endline="28" loc="28.30 - 28.30"/></term><term lexeme="'0'" token="CHAR"><location begcolumn="31" begline="28" endcolumn="33" endline="28" loc="28.31 - 28.33"/></term><term lexeme=":" token="SYMBOL_COLON"><location begcolumn="34" begline="28" endcolumn="34" endline="28" loc="28.34 - 28.34"/></term><term lexeme="integer" token="KEYWORD_INT"><location begcolumn="35" begline="28" endcolumn="41" endline="28" loc="28.35 - 28.41"/></term><term lexeme=")" token="SYMBOL_RBR"><location begcolumn="42" begline="28" endcolumn="42" endline="28" loc="28.42 - 28.42"/></term><term lexeme=")" token="SYMBOL_RBR"><location begcolumn="43" begline="28" endcolumn="43" endline="28" loc="28.43 - 28.43"/></term><term lexeme=":" token="SYMBOL_COLON"><location begcolumn="44" begline="28" endcolumn="44" endline="28" loc="28.44 - 28.44"/></term><term lexeme="char" token="KEYWORD_CHAR"><location begcolumn="45" begline="28" endcolumn="48" endline="28" loc="28.45 - 28.48"/></term><term lexeme=")" token="SYMBOL_RBR"><location begcolumn="49" begline="28" endcolumn="49" endline="28" loc="28.49 - 28.49"/></term><term lexeme=")" token="SYMBOL_RBR"><location begcolumn="50" begline="28" endcolumn="50" endline="28" loc="28.50 - 28.50"/></term><term lexeme=";" token="SYMBOL_SEMIC"><location begcolumn="51" begline="28" endcolumn="51" endline="28" loc="28.51 - 28.51"/></term><term lexeme="}" token="SYMBOL_RCBR"><location begcolumn="13" begline="29" endcolumn="13" endline="29" loc="29.13 - 29.13"/></term><term lexeme=";" token="SYMBOL_SEMIC"><location begcolumn="14" begline="29" endcolumn="14" endline="29" loc="29.14 - 29.14"/></term><term lexeme="}" token="SYMBOL_RCBR"><location begcolumn="11" begline="30" endcolumn="11" endline="30" loc="30.11 - 30.11"/></term><term lexeme="}" token="SYMBOL_RCBR"><location begcolumn="5" begline="31" endcolumn="5" endline="31" loc="31.5 - 31.5"/></term><term lexeme="fun" token="KEYWORD_FUN"><location begcolumn="1" begline="33" endcolumn="3" endline="33" loc="33.1 - 33.3"/></term><term lexeme="getInteger" token="IDENTIFIER"><location begcolumn="5" begline="33" endcolumn="14" endline="33" loc="33.5 - 33.14"/></term><term lexeme="(" token="SYMBOL_LBR"><location begcolumn="15" begline="33" endcolumn="15" endline="33" loc="33.15 - 33.15"/></term><term lexeme=")" token="SYMBOL_RBR"><location begcolumn="16" begline="33" endcolumn="16" endline="33" loc="33.16 - 33.16"/></term><term lexeme=":" token="SYMBOL_COLON"><location begcolumn="17" begline="33" endcolumn="17" endline="33" loc="33.17 - 33.17"/></term><term lexeme="integer" token="KEYWORD_INT"><location begcolumn="18" begline="33" endcolumn="24" endline="33" loc="33.18 - 33.24"/></term><term lexeme="=" token="SYMBOL_EQUALS"><location begcolumn="26" begline="33" endcolumn="26" endline="33" loc="33.26 - 33.26"/></term><term lexeme="{" token="SYMBOL_LCBR"><location begcolumn="5" begline="34" endcolumn="5" endline="34" loc="34.5 - 34.5"/></term><term lexeme="sign" token="IDENTIFIER"><location begcolumn="7" begline="35" endcolumn="10" endline="35" loc="35.7 - 35.10"/></term><term lexeme="=" token="SYMBOL_EQUALS"><location begcolumn="11" begline="35" endcolumn="11" endline="35" loc="35.11 - 35.11"/></term><term lexeme="1" token="INTEGER"><location begcolumn="12" begline="35" endcolumn="12" endline="35" loc="35.12 - 35.12"/></term><term lexeme=";" token="SYMBOL_SEMIC"><location begcolumn="13" begline="35" endcolumn="13" endline="35" loc="35.13 - 35.13"/></term><term lexeme="val" token="IDENTIFIER"><location begcolumn="7" begline="36" endcolumn="9" endline="36" loc="36.7 - 36.9"/></term><term lexeme="=" token="SYMBOL_EQUALS"><location begcolumn="10" begline="36" endcolumn="10" endline="36" loc="36.10 - 36.10"/></term><term lexeme="0" token="INTEGER"><location begcolumn="11" begline="36" endcolumn="11" endline="36" loc="36.11 - 36.11"/></term><term lexeme=";" token="SYMBOL_SEMIC"><location begcolumn="12" begline="36" endcolumn="12" endline="36" loc="36.12 - 36.12"/></term><term lexeme="c" token="IDENTIFIER"><location begcolumn="7" begline="37" endcolumn="7" endline="37" loc="37.7 - 37.7"/></term><term lexeme="=" token="SYMBOL_EQUALS"><location begcolumn="9" begline="37" endcolumn="9" endline="37" loc="37.9 - 37.9"/></term><term lexeme="getChar" token="IDENTIFIER"><location begcolumn="11" begline="37" endcolumn="17" endline="37" loc="37.11 - 37.17"/></term><term lexeme="(" token="SYMBOL_LBR"><location begcolumn="18" begline="37" endcolumn="18" endline="37" loc="37.18 - 37.18"/></term><term lexeme=")" token="SYMBOL_RBR"><location begcolumn="19" begline="37" endcolumn="19" endline="37" loc="37.19 - 37.19"/></term><term lexeme=";" token="SYMBOL_SEMIC"><location begcolumn="20" begline="37" endcolumn="20" endline="37" loc="37.20 - 37.20"/></term><term lexeme="if" token="KEYWORD_IF"><location begcolumn="7" begline="38" endcolumn="8" endline="38" loc="38.7 - 38.8"/></term><term lexeme="(" token="SYMBOL_LBR"><location begcolumn="10" begline="38" endcolumn="10" endline="38" loc="38.10 - 38.10"/></term><term lexeme="c" token="IDENTIFIER"><location begcolumn="11" begline="38" endcolumn="11" endline="38" loc="38.11 - 38.11"/></term><term lexeme="==" token="SYMBOL_EQ"><location begcolumn="12" begline="38" endcolumn="13" endline="38" loc="38.12 - 38.13"/></term><term lexeme="'+'" token="CHAR"><location begcolumn="14" begline="38" endcolumn="16" endline="38" loc="38.14 - 38.16"/></term><term lexeme=")" token="SYMBOL_RBR"><location begcolumn="17" begline="38" endcolumn="17" endline="38" loc="38.17 - 38.17"/></term><term lexeme="then" token="KEYWORD_THEN"><location begcolumn="19" begline="38" endcolumn="22" endline="38" loc="38.19 - 38.22"/></term><term lexeme="{" token="SYMBOL_LCBR"><location begcolumn="24" begline="38" endcolumn="24" endline="38" loc="38.24 - 38.24"/></term><term lexeme="sign" token="IDENTIFIER"><location begcolumn="26" begline="38" endcolumn="29" endline="38" loc="38.26 - 38.29"/></term><term lexeme="=" token="SYMBOL_EQUALS"><location begcolumn="30" begline="38" endcolumn="30" endline="38" loc="38.30 - 38.30"/></term><term lexeme="+" token="SYMBOL_PLUS"><location begcolumn="31" begline="38" endcolumn="31" endline="38" loc="38.31 - 38.31"/></term><term lexeme="1" token="INTEGER"><location begcolumn="32" begline="38" endcolumn="32" endline="38" loc="38.32 - 38.32"/></term><term lexeme=";" token="SYMBOL_SEMIC"><location begcolumn="33" begline="38" endcolumn="33" endline="38" loc="38.33 - 38.33"/></term><term lexeme="c" token="IDENTIFIER"><location begcolumn="35" begline="38" endcolumn="35" endline="38" loc="38.35 - 38.35"/></term><term lexeme="=" token="SYMBOL_EQUALS"><location begcolumn="36" begline="38" endcolumn="36" endline="38" loc="38.36 - 38.36"/></term><term lexeme="'0'" token="CHAR"><location begcolumn="37" begline="38" endcolumn="39" endline="38" loc="38.37 - 38.39"/></term><term lexeme=";" token="SYMBOL_SEMIC"><location begcolumn="40" begline="38" endcolumn="40" endline="38" loc="38.40 - 38.40"/></term><term lexeme="}" token="SYMBOL_RCBR"><location begcolumn="42" begline="38" endcolumn="42" endline="38" loc="38.42 - 38.42"/></term><term lexeme="else" token="KEYWORD_ELSE"><location begcolumn="44" begline="38" endcolumn="47" endline="38" loc="38.44 - 38.47"/></term><term lexeme="if" token="KEYWORD_IF"><location begcolumn="7" begline="39" endcolumn="8" endline="39" loc="39.7 - 39.8"/></term><term lexeme="(" token="SYMBOL_LBR"><location begcolumn="10" begline="39" endcolumn="10" endline="39" loc="39.10 - 39.10"/></term><term lexeme="c" token="IDENTIFIER"><location begcolumn="11" begline="39" endcolumn="11" endline="39" loc="39.11 - 39.11"/></term><term lexeme="==" token="SYMBOL_EQ"><location begcolumn="12" begline="39" endcolumn="13" endline="39" loc="39.12 - 39.13"/></term><term lexeme="'-'" token="CHAR"><location begcolumn="14" begline="39" endcolumn="16" endline="39" loc="39.14 - 39.16"/></term><term lexeme=")" token="SYMBOL_RBR"><location begcolumn="17" begline="39" endcolumn="17" endline="39" loc="39.17 - 39.17"/></term><term lexeme="then" token="KEYWORD_THEN"><location begcolumn="19" begline="39" endcolumn="22" endline="39" loc="39.19 - 39.22"/></term><term lexeme="{" token="SYMBOL_LCBR"><location begcolumn="24" begline="39" endcolumn="24" endline="39" loc="39.24 - 39.24"/></term><term lexeme="sign" token="IDENTIFIER"><location begcolumn="26" begline="39" endcolumn="29" endline="39" loc="39.26 - 39.29"/></term><term lexeme="=" token="SYMBOL_EQUALS"><location begcolumn="30" begline="39" endcolumn="30" endline="39" loc="39.30 - 39.30"/></term><term lexeme="-" token="SYMBOL_MIN"><location begcolumn="31" begline="39" endcolumn="31" endline="39" loc="39.31 - 39.31"/></term><term lexeme="1" token="INTEGER"><location begcolumn="32" begline="39" endcolumn="32" endline="39" loc="39.32 - 39.32"/></term><term lexeme=";" token="SYMBOL_SEMIC"><location begcolumn="33" begline="39" endcolumn="33" endline="39" loc="39.33 - 39.33"/></term><term lexeme="c" token="IDENTIFIER"><location begcolumn="35" begline="39" endcolumn="35" endline="39" loc="39.35 - 39.35"/></term><term lexeme="=" token="SYMBOL_EQUALS"><location begcolumn="36" begline="39" endcolumn="36" endline="39" loc="39.36 - 39.36"/></term><term lexeme="'0'" token="CHAR"><location begcolumn="37" begline="39" endcolumn="39" endline="39" loc="39.37 - 39.39"/></term><term lexeme=";" token="SYMBOL_SEMIC"><location begcolumn="40" begline="39" endcolumn="40" endline="39" loc="39.40 - 39.40"/></term><term lexeme="}" token="SYMBOL_RCBR"><location begcolumn="42" begline="39" endcolumn="42" endline="39" loc="39.42 - 39.42"/></term><term lexeme="else" token="KEYWORD_ELSE"><location begcolumn="44" begline="39" endcolumn="47" endline="39" loc="39.44 - 39.47"/></term><term lexeme="if" token="KEYWORD_IF"><location begcolumn="7" begline="40" endcolumn="8" endline="40" loc="40.7 - 40.8"/></term><term lexeme="(" token="SYMBOL_LBR"><location begcolumn="10" begline="40" endcolumn="10" endline="40" loc="40.10 - 40.10"/></term><term lexeme="c" token="IDENTIFIER"><location begcolumn="11" begline="40" endcolumn="11" endline="40" loc="40.11 - 40.11"/></term><term lexeme="&lt;" token="SYMBOL_LT"><location begcolumn="12" begline="40" endcolumn="12" endline="40" loc="40.12 - 40.12"/></term><term lexeme="'0'" token="CHAR"><location begcolumn="13" begline="40" endcolumn="15" endline="40" loc="40.13 - 40.15"/></term><term lexeme=")" token="SYMBOL_RBR"><location begcolumn="16" begline="40" endcolumn="16" endline="40" loc="40.16 - 40.16"/></term><term lexeme="|" token="SYMBOL_OR"><location begcolumn="17" begline="40" endcolumn="17" endline="40" loc="40.17 - 40.17"/></term><term lexeme="(" token="SYMBOL_LBR"><location begcolumn="18" begline="40" endcolumn="18" endline="40" loc="40.18 - 40.18"/></term><term lexeme="c" token="IDENTIFIER"><location begcolumn="19" begline="40" endcolumn="19" endline="40" loc="40.19 - 40.19"/></term><term lexeme="&gt;" token="SYMBOL_GT"><location begcolumn="20" begline="40" endcolumn="20" endline="40" loc="40.20 - 40.20"/></term><term lexeme="'9'" token="CHAR"><location begcolumn="21" begline="40" endcolumn="23" endline="40" loc="40.21 - 40.23"/></term><term lexeme=")" token="SYMBOL_RBR"><location begcolumn="24" begline="40" endcolumn="24" endline="40" loc="40.24 - 40.24"/></term><term lexeme="then" token="KEYWORD_THEN"><location begcolumn="26" begline="40" endcolumn="29" endline="40" loc="40.26 - 40.29"/></term><term lexeme="exit" token="IDENTIFIER"><location begcolumn="31" begline="40" endcolumn="34" endline="40" loc="40.31 - 40.34"/></term><term lexeme="(" token="SYMBOL_LBR"><location begcolumn="35" begline="40" endcolumn="35" endline="40" loc="40.35 - 40.35"/></term><term lexeme=")" token="SYMBOL_RBR"><location begcolumn="36" begline="40" endcolumn="36" endline="40" loc="40.36 - 40.36"/></term><term lexeme="else" token="KEYWORD_ELSE"><location begcolumn="38" begline="40" endcolumn="41" endline="40" loc="40.38 - 40.41"/></term><term lexeme="none" token="VOID"><location begcolumn="43" begline="40" endcolumn="46" endline="40" loc="40.43 - 40.46"/></term><term lexeme=";" token="SYMBOL_SEMIC"><location begcolumn="47" begline="40" endcolumn="47" endline="40" loc="40.47 - 40.47"/></term><term lexeme="while" token="KEYWORD_WHILE"><location begcolumn="7" begline="41" endcolumn="11" endline="41" loc="41.7 - 41.11"/></term><term lexeme="(" token="SYMBOL_LBR"><location begcolumn="13" begline="41" endcolumn="13" endline="41" loc="41.13 - 41.13"/></term><term lexeme="'0'" token="CHAR"><location begcolumn="14" begline="41" endcolumn="16" endline="41" loc="41.14 - 41.16"/></term><term lexeme="&lt;=" token="SYMBOL_LEQ"><location begcolumn="17" begline="41" endcolumn="18" endline="41" loc="41.17 - 41.18"/></term><term lexeme="c" token="IDENTIFIER"><location begcolumn="19" begline="41" endcolumn="19" endline="41" loc="41.19 - 41.19"/></term><term lexeme=")" token="SYMBOL_RBR"><location begcolumn="20" begline="41" endcolumn="20" endline="41" loc="41.20 - 41.20"/></term><term lexeme="&amp;" token="SYMBOL_AND"><location begcolumn="21" begline="41" endcolumn="21" endline="41" loc="41.21 - 41.21"/></term><term lexeme="(" token="SYMBOL_LBR"><location begcolumn="22" begline="41" endcolumn="22" endline="41" loc="41.22 - 41.22"/></term><term lexeme="c" token="IDENTIFIER"><location begcolumn="23" begline="41" endcolumn="23" endline="41" loc="41.23 - 41.23"/></term><term lexeme="&lt;=" token="SYMBOL_LEQ"><location begcolumn="24" begline="41" endcolumn="25" endline="41" loc="41.24 - 41.25"/></term><term lexeme="'9'" token="CHAR"><location begcolumn="26" begline="41" endcolumn="28" endline="41" loc="41.26 - 41.28"/></term><term lexeme=")" token="SYMBOL_RBR"><location begcolumn="29" begline="41" endcolumn="29" endline="41" loc="41.29 - 41.29"/></term><term lexeme="do" token="KEYWORD_DO"><location begcolumn="31" begline="41" endcolumn="32" endline="41" loc="41.31 - 41.32"/></term><term lexeme="{" token="SYMBOL_LCBR"><location begcolumn="34" begline="41" endcolumn="34" endline="41" loc="41.34 - 41.34"/></term><term lexeme="val" token="IDENTIFIER"><location begcolumn="9" begline="42" endcolumn="11" endline="42" loc="42.9 - 42.11"/></term><term lexeme="=" token="SYMBOL_EQUALS"><location begcolumn="12" begline="42" endcolumn="12" endline="42" loc="42.12 - 42.12"/></term><term lexeme="val" token="IDENTIFIER"><location begcolumn="13" begline="42" endcolumn="15" endline="42" loc="42.13 - 42.15"/></term><term lexeme="*" token="SYMBOL_STAR"><location begcolumn="16" begline="42" endcolumn="16" endline="42" loc="42.16 - 42.16"/></term><term lexeme="10" token="INTEGER"><location begcolumn="17" begline="42" endcolumn="18" endline="42" loc="42.17 - 42.18"/></term><term lexeme="+" token="SYMBOL_PLUS"><location begcolumn="19" begline="42" endcolumn="19" endline="42" loc="42.19 - 42.19"/></term><term lexeme="(" token="SYMBOL_LBR"><location begcolumn="20" begline="42" endcolumn="20" endline="42" loc="42.20 - 42.20"/></term><term lexeme="(" token="SYMBOL_LBR"><location begcolumn="21" begline="42" endcolumn="21" endline="42" loc="42.21 - 42.21"/></term><term lexeme="c" token="IDENTIFIER"><location begcolumn="22" begline="42" endcolumn="22" endline="42" loc="42.22 - 42.22"/></term><term lexeme=":" token="SYMBOL_COLON"><location begcolumn="23" begline="42" endcolumn="23" endline="42" loc="42.23 - 42.23"/></term><term lexeme="integer" token="KEYWORD_INT"><location begcolumn="24" begline="42" endcolumn="30" endline="42" loc="42.24 - 42.30"/></term><term lexeme=")" token="SYMBOL_RBR"><location begcolumn="31" begline="42" endcolumn="31" endline="42" loc="42.31 - 42.31"/></term><term lexeme="-" token="SYMBOL_MIN"><location begcolumn="32" begline="42" endcolumn="32" endline="42" loc="42.32 - 42.32"/></term><term lexeme="(" token="SYMBOL_LBR"><location begcolumn="33" begline="42" endcolumn="33" endline="42" loc="42.33 - 42.33"/></term><term lexeme="'0'" token="CHAR"><location begcolumn="34" begline="42" endcolumn="36" endline="42" loc="42.34 - 42.36"/></term><term lexeme=":" token="SYMBOL_COLON"><location begcolumn="37" begline="42" endcolumn="37" endline="42" loc="42.37 - 42.37"/></term><term lexeme="integer" token="KEYWORD_INT"><location begcolumn="38" begline="42" endcolumn="44" endline="42" loc="42.38 - 42.44"/></term><term lexeme=")" token="SYMBOL_RBR"><location begcolumn="45" begline="42" endcolumn="45" endline="42" loc="42.45 - 42.45"/></term><term lexeme=")" token="SYMBOL_RBR"><location begcolumn="46" begline="42" endcolumn="46" endline="42" loc="42.46 - 42.46"/></term><term lexeme=";" token="SYMBOL_SEMIC"><location begcolumn="47" begline="42" endcolumn="47" endline="42" loc="42.47 - 42.47"/></term><term lexeme="c" token="IDENTIFIER"><location begcolumn="9" begline="43" endcolumn="9" endline="43" loc="43.9 - 43.9"/></term><term lexeme="=" token="SYMBOL_EQUALS"><location begcolumn="10" begline="43" endcolumn="10" endline="43" loc="43.10 - 43.10"/></term><term lexeme="getChar" token="IDENTIFIER"><location begcolumn="11" begline="43" endcolumn="17" endline="43" loc="43.11 - 43.17"/></term><term lexeme="(" token="SYMBOL_LBR"><location begcolumn="18" begline="43" endcolumn="18" endline="43" loc="43.18 - 43.18"/></term><term lexeme=")" token="SYMBOL_RBR"><location begcolumn="19" begline="43" endcolumn="19" endline="43" loc="43.19 - 43.19"/></term><term lexeme=";" token="SYMBOL_SEMIC"><location begcolumn="20" begline="43" endcolumn="20" endline="43" loc="43.20 - 43.20"/></term><term lexeme="}" token="SYMBOL_RCBR"><location begcolumn="7" begline="44" endcolumn="7" endline="44" loc="44.7 - 44.7"/></term><term lexeme=";" token="SYMBOL_SEMIC"><location begcolumn="8" begline="44" endcolumn="8" endline="44" loc="44.8 - 44.8"/></term><term lexeme="if" token="KEYWORD_IF"><location begcolumn="7" begline="45" endcolumn="8" endline="45" loc="45.7 - 45.8"/></term><term lexeme="(" token="SYMBOL_LBR"><location begcolumn="10" begline="45" endcolumn="10" endline="45" loc="45.10 - 45.10"/></term><term lexeme="c" token="IDENTIFIER"><location begcolumn="11" begline="45" endcolumn="11" endline="45" loc="45.11 - 45.11"/></term><term lexeme="!=" token="SYMBOL_NEQ"><location begcolumn="12" begline="45" endcolumn="13" endline="45" loc="45.12 - 45.13"/></term><term lexeme="(" token="SYMBOL_LBR"><location begcolumn="14" begline="45" endcolumn="14" endline="45" loc="45.14 - 45.14"/></term><term lexeme="10" token="INTEGER"><location begcolumn="15" begline="45" endcolumn="16" endline="45" loc="45.15 - 45.16"/></term><term lexeme=":" token="SYMBOL_COLON"><location begcolumn="17" begline="45" endcolumn="17" endline="45" loc="45.17 - 45.17"/></term><term lexeme="char" token="KEYWORD_CHAR"><location begcolumn="18" begline="45" endcolumn="21" endline="45" loc="45.18 - 45.21"/></term><term lexeme=")" token="SYMBOL_RBR"><location begcolumn="22" begline="45" endcolumn="22" endline="45" loc="45.22 - 45.22"/></term><term lexeme=")" token="SYMBOL_RBR"><location begcolumn="23" begline="45" endcolumn="23" endline="45" loc="45.23 - 45.23"/></term><term lexeme="then" token="KEYWORD_THEN"><location begcolumn="25" begline="45" endcolumn="28" endline="45" loc="45.25 - 45.28"/></term><term lexeme="exit" token="IDENTIFIER"><location begcolumn="30" begline="45" endcolumn="33" endline="45" loc="45.30 - 45.33"/></term><term lexeme="(" token="SYMBOL_LBR"><location begcolumn="34" begline="45" endcolumn="34" endline="45" loc="45.34 - 45.34"/></term><term lexeme=")" token="SYMBOL_RBR"><location begcolumn="35" begline="45" endcolumn="35" endline="45" loc="45.35 - 45.35"/></term><term lexeme="else" token="KEYWORD_ELSE"><location begcolumn="37" begline="45" endcolumn="40" endline="45" loc="45.37 - 45.40"/></term><term lexeme="none" token="VOID"><location begcolumn="42" begline="45" endcolumn="45" endline="45" loc="45.42 - 45.45"/></term><term lexeme=";" token="SYMBOL_SEMIC"><location begcolumn="46" begline="45" endcolumn="46" endline="45" loc="45.46 - 45.46"/></term><term lexeme="sign" token="IDENTIFIER"><location begcolumn="7" begline="46" endcolumn="10" endline="46" loc="46.7 - 46.10"/></term><term lexeme="*" token="SYMBOL_STAR"><location begcolumn="12" begline="46" endcolumn="12" endline="46" loc="46.12 - 46.12"/></term><term lexeme="val" token="IDENTIFIER"><location begcolumn="14" begline="46" endcolumn="16" endline="46" loc="46.14 - 46.16"/></term><term lexeme=";" token="SYMBOL_SEMIC"><location begcolumn="17" begline="46" endcolumn="17" endline="46" loc="46.17 - 46.17"/></term><term lexeme="}" token="SYMBOL_RCBR"><location begcolumn="5" begline="47" endcolumn="5" endline="47" loc="47.5 - 47.5"/></term><term lexeme="where" token="KEYWORD_WHERE"><location begcolumn="5" begline="48" endcolumn="9" endline="48" loc="48.5 - 48.9"/></term><term lexeme="{" token="SYMBOL_LCBR"><location begcolumn="5" begline="49" endcolumn="5" endline="49" loc="49.5 - 49.5"/></term><term lexeme="var" token="KEYWORD_VAR"><location begcolumn="7" begline="50" endcolumn="9" endline="50" loc="50.7 - 50.9"/></term><term lexeme="sign" token="IDENTIFIER"><location begcolumn="11" begline="50" endcolumn="14" endline="50" loc="50.11 - 50.14"/></term><term lexeme=":" token="SYMBOL_COLON"><location begcolumn="15" begline="50" endcolumn="15" endline="50" loc="50.15 - 50.15"/></term><term lexeme="integer" token="KEYWORD_INT"><location begcolumn="16" begline="50" endcolumn="22" endline="50" loc="50.16 - 50.22"/></term><term lexeme="var" token="KEYWORD_VAR"><location begcolumn="7" begline="51" endcolumn="9" endline="51" loc="51.7 - 51.9"/></term><term lexeme="val" token="IDENTIFIER"><location begcolumn="11" begline="51" endcolumn="13" endline="51" loc="51.11 - 51.13"/></term><term lexeme=":" token="SYMBOL_COLON"><location begcolumn="14" begline="51" endcolumn="14" endline="51" loc="51.14 - 51.14"/></term><term lexeme="integer" token="KEYWORD_INT"><location begcolumn="15" begline="51" endcolumn="21" endline="51" loc="51.15 - 51.21"/></term><term lexeme="var" token="KEYWORD_VAR"><location begcolumn="7" begline="52" endcolumn="9" endline="52" loc="52.7 - 52.9"/></term><term lexeme="c" token="IDENTIFIER"><location begcolumn="11" begline="52" endcolumn="11" endline="52" loc="52.11 - 52.11"/></term><term lexeme=":" token="SYMBOL_COLON"><location begcolumn="12" begline="52" endcolumn="12" endline="52" loc="52.12 - 52.12"/></term><term lexeme="char" token="KEYWORD_CHAR"><location begcolumn="13" begline="52" endcolumn="16" endline="52" loc="52.13 - 52.16"/></term><term lexeme="}" token="SYMBOL_RCBR"><location begcolumn="5" begline="53" endcolumn="5" endline="53" loc="53.5 - 53.5"/></term><term lexeme="fun" token="KEYWORD_FUN"><location begcolumn="1" begline="55" endcolumn="3" endline="55" loc="55.1 - 55.3"/></term><term lexeme="putString" token="IDENTIFIER"><location begcolumn="5" begline="55" endcolumn="13" endline="55" loc="55.5 - 55.13"/></term><term lexeme="(" token="SYMBOL_LBR"><location begcolumn="14" begline="55" endcolumn="14" endline="55" loc="55.14 - 55.14"/></term><term lexeme="s" token="IDENTIFIER"><location begcolumn="15" begline="55" endcolumn="15" endline="55" loc="55.15 - 55.15"/></term><term lexeme=":" token="SYMBOL_COLON"><location begcolumn="16" begline="55" endcolumn="16" endline="55" loc="55.16 - 55.16"/></term><term lexeme="^" token="SYMBOL_PWR"><location begcolumn="17" begline="55" endcolumn="17" endline="55" loc="55.17 - 55.17"/></term><term lexeme="char" token="KEYWORD_CHAR"><location begcolumn="18" begline="55" endcolumn="21" endline="55" loc="55.18 - 55.21"/></term><term lexeme=")" token="SYMBOL_RBR"><location begcolumn="22" begline="55" endcolumn="22" endline="55" loc="55.22 - 55.22"/></term><term lexeme=":" token="SYMBOL_COLON"><location begcolumn="23" begline="55" endcolumn="23" endline="55" loc="55.23 - 55.23"/></term><term lexeme="void" token="KEYWORD_VOID"><location begcolumn="24" begline="55" endcolumn="27" endline="55" loc="55.24 - 55.27"/></term><term lexeme="=" token="SYMBOL_EQUALS"><location begcolumn="29" begline="55" endcolumn="29" endline="55" loc="55.29 - 55.29"/></term><term lexeme="{" token="SYMBOL_LCBR"><location begcolumn="5" begline="56" endcolumn="5" endline="56" loc="56.5 - 56.5"/></term><term lexeme="i" token="IDENTIFIER"><location begcolumn="7" begline="57" endcolumn="7" endline="57" loc="57.7 - 57.7"/></term><term lexeme="=" token="SYMBOL_EQUALS"><location begcolumn="8" begline="57" endcolumn="8" endline="57" loc="57.8 - 57.8"/></term><term lexeme="0" token="INTEGER"><location begcolumn="9" begline="57" endcolumn="9" endline="57" loc="57.9 - 57.9"/></term><term lexeme=";" token="SYMBOL_SEMIC"><location begcolumn="10" begline="57" endcolumn="10" endline="57" loc="57.10 - 57.10"/></term><term lexeme="while" token="KEYWORD_WHILE"><location begcolumn="7" begline="58" endcolumn="11" endline="58" loc="58.7 - 58.11"/></term><term lexeme="(" token="SYMBOL_LBR"><location begcolumn="13" begline="58" endcolumn="13" endline="58" loc="58.13 - 58.13"/></term><term lexeme="(" token="SYMBOL_LBR"><location begcolumn="14" begline="58" endcolumn="14" endline="58" loc="58.14 - 58.14"/></term><term lexeme="(" token="SYMBOL_LBR"><location begcolumn="15" begline="58" endcolumn="15" endline="58" loc="58.15 - 58.15"/></term><term lexeme="s" token="IDENTIFIER"><location begcolumn="16" begline="58" endcolumn="16" endline="58" loc="58.16 - 58.16"/></term><term lexeme=":" token="SYMBOL_COLON"><location begcolumn="17" begline="58" endcolumn="17" endline="58" loc="58.17 - 58.17"/></term><term lexeme="integer" token="KEYWORD_INT"><location begcolumn="18" begline="58" endcolumn="24" endline="58" loc="58.18 - 58.24"/></term><term lexeme=")" token="SYMBOL_RBR"><location begcolumn="25" begline="58" endcolumn="25" endline="58" loc="58.25 - 58.25"/></term><term lexeme="+" token="SYMBOL_PLUS"><location begcolumn="26" begline="58" endcolumn="26" endline="58" loc="58.26 - 58.26"/></term><term lexeme="(" token="SYMBOL_LBR"><location begcolumn="27" begline="58" endcolumn="27" endline="58" loc="58.27 - 58.27"/></term><term lexeme="i" token="IDENTIFIER"><location begcolumn="28" begline="58" endcolumn="28" endline="58" loc="58.28 - 58.28"/></term><term lexeme="*" token="SYMBOL_STAR"><location begcolumn="29" begline="58" endcolumn="29" endline="58" loc="58.29 - 58.29"/></term><term lexeme="8" token="INTEGER"><location begcolumn="30" begline="58" endcolumn="30" endline="58" loc="58.30 - 58.30"/></term><term lexeme=")" token="SYMBOL_RBR"><location begcolumn="31" begline="58" endcolumn="31" endline="58" loc="58.31 - 58.31"/></term><term lexeme=":" token="SYMBOL_COLON"><location begcolumn="32" begline="58" endcolumn="32" endline="58" loc="58.32 - 58.32"/></term><term lexeme="^" token="SYMBOL_PWR"><location begcolumn="33" begline="58" endcolumn="33" endline="58" loc="58.33 - 58.33"/></term><term lexeme="char" token="KEYWORD_CHAR"><location begcolumn="34" begline="58" endcolumn="37" endline="58" loc="58.34 - 58.37"/></term><term lexeme=")" token="SYMBOL_RBR"><location begcolumn="38" begline="58" endcolumn="38" endline="58" loc="58.38 - 58.38"/></term><term lexeme="^" token="SYMBOL_PWR"><location begcolumn="39" begline="58" endcolumn="39" endline="58" loc="58.39 - 58.39"/></term><term lexeme="!=" token="SYMBOL_NEQ"><location begcolumn="40" begline="58" endcolumn="41" endline="58" loc="58.40 - 58.41"/></term><term lexeme="(" token="SYMBOL_LBR"><location begcolumn="42" begline="58" endcolumn="42" endline="58" loc="58.42 - 58.42"/></term><term lexeme="0" token="INTEGER"><location begcolumn="43" begline="58" endcolumn="43" endline="58" loc="58.43 - 58.43"/></term><term lexeme=":" token="SYMBOL_COLON"><location begcolumn="44" begline="58" endcolumn="44" endline="58" loc="58.44 - 58.44"/></term><term lexeme="char" token="KEYWORD_CHAR"><location begcolumn="45" begline="58" endcolumn="48" endline="58" loc="58.45 - 58.48"/></term><term lexeme=")" token="SYMBOL_RBR"><location begcolumn="49" begline="58" endcolumn="49" endline="58" loc="58.49 - 58.49"/></term><term lexeme=")" token="SYMBOL_RBR"><location begcolumn="50" begline="58" endcolumn="50" endline="58" loc="58.50 - 58.50"/></term><term lexeme="do" token="KEYWORD_DO"><location begcolumn="52" begline="58" endcolumn="53" endline="58" loc="58.52 - 58.53"/></term><term lexeme="{" token="SYMBOL_LCBR"><location begcolumn="55" begline="58" endcolumn="55" endline="58" loc="58.55 - 58.55"/></term><term lexeme="putChar" token="IDENTIFIER"><location begcolumn="9" begline="59" endcolumn="15" endline="59" loc="59.9 - 59.15"/></term><term lexeme="(" token="SYMBOL_LBR"><location begcolumn="16" begline="59" endcolumn="16" endline="59" loc="59.16 - 59.16"/></term><term lexeme="(" token="SYMBOL_LBR"><location begcolumn="17" begline="59" endcolumn="17" endline="59" loc="59.17 - 59.17"/></term><term lexeme="(" token="SYMBOL_LBR"><location begcolumn="18" begline="59" endcolumn="18" endline="59" loc="59.18 - 59.18"/></term><term lexeme="s" token="IDENTIFIER"><location begcolumn="19" begline="59" endcolumn="19" endline="59" loc="59.19 - 59.19"/></term><term lexeme=":" token="SYMBOL_COLON"><location begcolumn="20" begline="59" endcolumn="20" endline="59" loc="59.20 - 59.20"/></term><term lexeme="integer" token="KEYWORD_INT"><location begcolumn="21" begline="59" endcolumn="27" endline="59" loc="59.21 - 59.27"/></term><term lexeme=")" token="SYMBOL_RBR"><location begcolumn="28" begline="59" endcolumn="28" endline="59" loc="59.28 - 59.28"/></term><term lexeme="+" token="SYMBOL_PLUS"><location begcolumn="29" begline="59" endcolumn="29" endline="59" loc="59.29 - 59.29"/></term><term lexeme="(" token="SYMBOL_LBR"><location begcolumn="30" begline="59" endcolumn="30" endline="59" loc="59.30 - 59.30"/></term><term lexeme="i" token="IDENTIFIER"><location begcolumn="31" begline="59" endcolumn="31" endline="59" loc="59.31 - 59.31"/></term><term lexeme="*" token="SYMBOL_STAR"><location begcolumn="32" begline="59" endcolumn="32" endline="59" loc="59.32 - 59.32"/></term><term lexeme="8" token="INTEGER"><location begcolumn="33" begline="59" endcolumn="33" endline="59" loc="59.33 - 59.33"/></term><term lexeme=")" token="SYMBOL_RBR"><location begcolumn="34" begline="59" endcolumn="34" endline="59" loc="59.34 - 59.34"/></term><term lexeme=":" token="SYMBOL_COLON"><location begcolumn="35" begline="59" endcolumn="35" endline="59" loc="59.35 - 59.35"/></term><term lexeme="^" token="SYMBOL_PWR"><location begcolumn="36" begline="59" endcolumn="36" endline="59" loc="59.36 - 59.36"/></term><term lexeme="char" token="KEYWORD_CHAR"><location begcolumn="37" begline="59" endcolumn="40" endline="59" loc="59.37 - 59.40"/></term><term lexeme=")" token="SYMBOL_RBR"><location begcolumn="41" begline="59" endcolumn="41" endline="59" loc="59.41 - 59.41"/></term><term lexeme="^" token="SYMBOL_PWR"><location begcolumn="42" begline="59" endcolumn="42" endline="59" loc="59.42 - 59.42"/></term><term lexeme=")" token="SYMBOL_RBR"><location begcolumn="43" begline="59" endcolumn="43" endline="59" loc="59.43 - 59.43"/></term><term lexeme=";" token="SYMBOL_SEMIC"><location begcolumn="44" begline="59" endcolumn="44" endline="59" loc="59.44 - 59.44"/></term><term lexeme="i" token="IDENTIFIER"><location begcolumn="9" begline="60" endcolumn="9" endline="60" loc="60.9 - 60.9"/></term><term lexeme="=" token="SYMBOL_EQUALS"><location begcolumn="10" begline="60" endcolumn="10" endline="60" loc="60.10 - 60.10"/></term><term lexeme="i" token="IDENTIFIER"><location begcolumn="11" begline="60" endcolumn="11" endline="60" loc="60.11 - 60.11"/></term><term lexeme="+" token="SYMBOL_PLUS"><location begcolumn="12" begline="60" endcolumn="12" endline="60" loc="60.12 - 60.12"/></term><term lexeme="1" token="INTEGER"><location begcolumn="13" begline="60" endcolumn="13" endline="60" loc="60.13 - 60.13"/></term><term lexeme=";" token="SYMBOL_SEMIC"><location begcolumn="14" begline="60" endcolumn="14" endline="60" loc="60.14 - 60.14"/></term><term lexeme="}" token="SYMBOL_RCBR"><location begcolumn="7" begline="61" endcolumn="7" endline="61" loc="61.7 - 61.7"/></term><term lexeme=";" token="SYMBOL_SEMIC"><location begcolumn="8" begline="61" endcolumn="8" endline="61" loc="61.8 - 61.8"/></term><term lexeme="none" token="VOID"><location begcolumn="7" begline="62" endcolumn="10" endline="62" loc="62.7 - 62.10"/></term><term lexeme=";" token="SYMBOL_SEMIC"><location begcolumn="11" begline="62" endcolumn="11" endline="62" loc="62.11 - 62.11"/></term><term lexeme="}" token="SYMBOL_RCBR"><location begcolumn="5" begline="63" endcolumn="5" endline="63" loc="63.5 - 63.5"/></term><term lexeme="where" token="KEYWORD_WHERE"><location begcolumn="5" begline="64" endcolumn="9" endline="64" loc="64.5 - 64.9"/></term><term lexeme="{" token="SYMBOL_LCBR"><location begcolumn="5" begline="65" endcolumn="5" endline="65" loc="65.5 - 65.5"/></term><term lexeme="var" token="KEYWORD_VAR"><location begcolumn="7" begline="66" endcolumn="9" endline="66" loc="66.7 - 66.9"/></term><term lexeme="i" token="IDENTIFIER"><location begcolumn="11" begline="66" endcolumn="11" endline="66" loc="66.11 - 66.11"/></term><term lexeme=":" token="SYMBOL_COLON"><location begcolumn="12" begline="66" endcolumn="12" endline="66" loc="66.12 - 66.12"/></term><term lexeme="integer" token="KEYWORD_INT"><location begcolumn="13" begline="66" endcolumn="19" endline="66" loc="66.13 - 66.19"/></term><term lexeme="}" token="SYMBOL_RCBR"><location begcolumn="5" begline="67" endcolumn="5" endline="67" loc="67.5 - 67.5"/></term><term lexeme="fun" token="KEYWORD_FUN"><location begcolumn="1" begline="71" endcolumn="3" endline="71" loc="71.1 - 71.3"/></term><term lexeme="main" token="IDENTIFIER"><location begcolumn="5" begline="71" endcolumn="8" endline="71" loc="71.5 - 71.8"/></term><term lexeme="(" token="SYMBOL_LBR"><location begcolumn="9" begline="71" endcolumn="9" endline="71" loc="71.9 - 71.9"/></term><term lexeme=")" token="SYMBOL_RBR"><location begcolumn="10" begline="71" endcolumn="10" endline="71" loc="71.10 - 71.10"/></term><term lexeme=":" token="SYMBOL_COLON"><location begcolumn="11" begline="71" endcolumn="11" endline="71" loc="71.11 - 71.11"/></term><term lexeme="integer" token="KEYWORD_INT"><location begcolumn="12" begline="71" endcolumn="18" endline="71" loc="71.12 - 71.18"/></term><term lexeme="=" token="SYMBOL_EQUALS"><location begcolumn="20" begline="71" endcolumn="20" endline="71" loc="71.20 - 71.20"/></term><term lexeme="{" token="SYMBOL_LCBR"><location begcolumn="5" begline="72" endcolumn="5" endline="72" loc="72.5 - 72.5"/></term><term lexeme="n" token="IDENTIFIER"><location begcolumn="7" begline="73" endcolumn="7" endline="73" loc="73.7 - 73.7"/></term><term lexeme="=" token="SYMBOL_EQUALS"><location begcolumn="8" begline="73" endcolumn="8" endline="73" loc="73.8 - 73.8"/></term><term lexeme="5" token="INTEGER"><location begcolumn="9" begline="73" endcolumn="9" endline="73" loc="73.9 - 73.9"/></term><term lexeme=";" token="SYMBOL_SEMIC"><location begcolumn="10" begline="73" endcolumn="10" endline="73" loc="73.10 - 73.10"/></term><term lexeme="{" token="SYMBOL_LCBR"><location begcolumn="7" begline="74" endcolumn="7" endline="74" loc="74.7 - 74.7"/></term><term lexeme="i" token="IDENTIFIER"><location begcolumn="9" begline="80" endcolumn="9" endline="80" loc="80.9 - 80.9"/></term><term lexeme="=" token="SYMBOL_EQUALS"><location begcolumn="10" begline="80" endcolumn="10" endline="80" loc="80.10 - 80.10"/></term><term lexeme="0" token="INTEGER"><location begcolumn="11" begline="80" endcolumn="11" endline="80" loc="80.11 - 80.11"/></term><term lexeme=";" token="SYMBOL_SEMIC"><location begcolumn="12" begline="80" endcolumn="12" endline="80" loc="80.12 - 80.12"/></term><term lexeme="while" token="KEYWORD_WHILE"><location begcolumn="9" begline="81" endcolumn="13" endline="81" loc="81.9 - 81.13"/></term><term lexeme="i" token="IDENTIFIER"><location begcolumn="15" begline="81" endcolumn="15" endline="81" loc="81.15 - 81.15"/></term><term lexeme="&lt;" token="SYMBOL_LT"><location begcolumn="16" begline="81" endcolumn="16" endline="81" loc="81.16 - 81.16"/></term><term lexeme="n" token="IDENTIFIER"><location begcolumn="17" begline="81" endcolumn="17" endline="81" loc="81.17 - 81.17"/></term><term lexeme="do" token="KEYWORD_DO"><location begcolumn="19" begline="81" endcolumn="20" endline="81" loc="81.19 - 81.20"/></term><term lexeme="{" token="SYMBOL_LCBR"><location begcolumn="22" begline="81" endcolumn="22" endline="81" loc="81.22 - 81.22"/></term><term lexeme="ns" token="IDENTIFIER"><location begcolumn="11" begline="85" endcolumn="12" endline="85" loc="85.11 - 85.12"/></term><term lexeme="[" token="SYMBOL_LSBR"><location begcolumn="13" begline="85" endcolumn="13" endline="85" loc="85.13 - 85.13"/></term><term lexeme="i" token="IDENTIFIER"><location begcolumn="14" begline="85" endcolumn="14" endline="85" loc="85.14 - 85.14"/></term><term lexeme="]" token="SYMBOL_RSBR"><location begcolumn="15" begline="85" endcolumn="15" endline="85" loc="85.15 - 85.15"/></term><term lexeme="=" token="SYMBOL_EQUALS"><location begcolumn="16" begline="85" endcolumn="16" endline="85" loc="85.16 - 85.16"/></term><term lexeme="i" token="IDENTIFIER"><location begcolumn="17" begline="85" endcolumn="17" endline="85" loc="85.17 - 85.17"/></term><term lexeme=";" token="SYMBOL_SEMIC"><location begcolumn="18" begline="85" endcolumn="18" endline="85" loc="85.18 - 85.18"/></term><term lexeme="i" token="IDENTIFIER"><location begcolumn="11" begline="95" endcolumn="11" endline="95" loc="95.11 - 95.11"/></term><term lexeme="=" token="SYMBOL_EQUALS"><location begcolumn="12" begline="95" endcolumn="12" endline="95" loc="95.12 - 95.12"/></term><term lexeme="i" token="IDENTIFIER"><location begcolumn="13" begline="95" endcolumn="13" endline="95" loc="95.13 - 95.13"/></term><term lexeme="+" token="SYMBOL_PLUS"><location begcolumn="14" begline="95" endcolumn="14" endline="95" loc="95.14 - 95.14"/></term><term lexeme="1" token="INTEGER"><location begcolumn="15" begline="95" endcolumn="15" endline="95" loc="95.15 - 95.15"/></term><term lexeme=";" token="SYMBOL_SEMIC"><location begcolumn="16" begline="95" endcolumn="16" endline="95" loc="95.16 - 95.16"/></term><term lexeme="}" token="SYMBOL_RCBR"><location begcolumn="9" begline="96" endcolumn="9" endline="96" loc="96.9 - 96.9"/></term><term lexeme=";" token="SYMBOL_SEMIC"><location begcolumn="10" begline="96" endcolumn="10" endline="96" loc="96.10 - 96.10"/></term><term lexeme="}" token="SYMBOL_RCBR"><location begcolumn="7" begline="106" endcolumn="7" endline="106" loc="106.7 - 106.7"/></term><term lexeme="where" token="KEYWORD_WHERE"><location begcolumn="9" begline="106" endcolumn="13" endline="106" loc="106.9 - 106.13"/></term><term lexeme="{" token="SYMBOL_LCBR"><location begcolumn="15" begline="106" endcolumn="15" endline="106" loc="106.15 - 106.15"/></term><term lexeme="var" token="KEYWORD_VAR"><location begcolumn="17" begline="106" endcolumn="19" endline="106" loc="106.17 - 106.19"/></term><term lexeme="i" token="IDENTIFIER"><location begcolumn="21" begline="106" endcolumn="21" endline="106" loc="106.21 - 106.21"/></term><term lexeme=":" token="SYMBOL_COLON"><location begcolumn="22" begline="106" endcolumn="22" endline="106" loc="106.22 - 106.22"/></term><term lexeme="integer" token="KEYWORD_INT"><location begcolumn="23" begline="106" endcolumn="29" endline="106" loc="106.23 - 106.29"/></term><term lexeme="}" token="SYMBOL_RCBR"><location begcolumn="31" begline="106" endcolumn="31" endline="106" loc="106.31 - 106.31"/></term><term lexeme=";" token="SYMBOL_SEMIC"><location begcolumn="32" begline="106" endcolumn="32" endline="106" loc="106.32 - 106.32"/></term><term lexeme="0" token="INTEGER"><location begcolumn="7" begline="108" endcolumn="7" endline="108" loc="108.7 - 108.7"/></term><term lexeme=";" token="SYMBOL_SEMIC"><location begcolumn="8" begline="108" endcolumn="8" endline="108" loc="108.8 - 108.8"/></term><term lexeme="}" token="SYMBOL_RCBR"><location begcolumn="5" begline="109" endcolumn="5" endline="109" loc="109.5 - 109.5"/></term><term lexeme="where" token="KEYWORD_WHERE"><location begcolumn="5" begline="110" endcolumn="9" endline="110" loc="110.5 - 110.9"/></term><term lexeme="{" token="SYMBOL_LCBR"><location begcolumn="5" begline="111" endcolumn="5" endline="111" loc="111.5 - 111.5"/></term><term lexeme="var" token="KEYWORD_VAR"><location begcolumn="7" begline="112" endcolumn="9" endline="112" loc="112.7 - 112.9"/></term><term lexeme="n" token="IDENTIFIER"><location begcolumn="11" begline="112" endcolumn="11" endline="112" loc="112.11 - 112.11"/></term><term lexeme=":" token="SYMBOL_COLON"><location begcolumn="12" begline="112" endcolumn="12" endline="112" loc="112.12 - 112.12"/></term><term lexeme="integer" token="KEYWORD_INT"><location begcolumn="13" begline="112" endcolumn="19" endline="112" loc="112.13 - 112.19"/></term><term lexeme="var" token="KEYWORD_VAR"><location begcolumn="7" begline="113" endcolumn="9" endline="113" loc="113.7 - 113.9"/></term><term lexeme="ns" token="IDENTIFIER"><location begcolumn="11" begline="113" endcolumn="12" endline="113" loc="113.11 - 113.12"/></term><term lexeme=":" token="SYMBOL_COLON"><location begcolumn="13" begline="113" endcolumn="13" endline="113" loc="113.13 - 113.13"/></term><term lexeme="integer" token="KEYWORD_INT"><location begcolumn="14" begline="113" endcolumn="20" endline="113" loc="113.14 - 113.20"/></term><term lexeme="[" token="SYMBOL_LSBR"><location begcolumn="21" begline="113" endcolumn="21" endline="113" loc="113.21 - 113.21"/></term><term lexeme="32" token="INTEGER"><location begcolumn="22" begline="113" endcolumn="23" endline="113" loc="113.22 - 113.23"/></term><term lexeme="]" token="SYMBOL_RSBR"><location begcolumn="24" begline="113" endcolumn="24" endline="113" loc="113.24 - 113.24"/></term><term lexeme="}" token="SYMBOL_RCBR"><location begcolumn="5" begline="114" endcolumn="5" endline="114" loc="114.5 - 114.5"/></term><term lexeme="" token="EOF"/></lexan>