<?xml version="1.0" encoding="UTF-8" standalone="no"?><?xml-stylesheet type="text/xsl" href="../lib/xsl/memory.xsl"?><memory><node id="295" label="{Decls}"><node id="3" label="FunDecl" lexeme="exit"><node id="1" label="AtomType" spec="VOID"><location begcolumn="12" begline="13" endcolumn="15" endline="13" loc="13.12 - 13.15"/><isType><semtype type="VOID"/></isType></node><node id="2" label="AtomExpr" lexeme="none" spec="VOID"><location begcolumn="19" begline="13" endcolumn="22" endline="13" loc="13.19 - 13.22"/><ofType><semtype type="VOID"/></ofType></node><location begcolumn="1" begline="13" endcolumn="22" endline="13" loc="13.1 - 13.22"/><frame FP="T0" RV="T1" argssize="0" depth="0" label="_exit" locssize="0" size="16"/></node><node id="9" label="FunDecl" lexeme="putChar"><node id="6" label="{Pars}"><node id="5" label="ParDecl" lexeme="c"><node id="4" label="AtomType" spec="CHAR"><location begcolumn="15" begline="14" endcolumn="18" endline="14" loc="14.15 - 14.18"/><isType><semtype type="CHAR"/></isType></node><location begcolumn="13" begline="14" endcolumn="18" endline="14" loc="14.13 - 14.18"/><access offset="8" size="8"/></node><location begcolumn="13" begline="14" endcolumn="18" endline="14" loc="14.13 - 14.18"/></node><node id="7" label="AtomType" spec="VOID"><location begcolumn="21" begline="14" endcolumn="24" endline="14" loc="14.21 - 14.24"/><isType><semtype type="VOID"/></isType></node><node id="8" label="AtomExpr" lexeme="none" spec="VOID"><location begcolumn="28" begline="14" endcolumn="31" endline="14" loc="14.28 - 14.31"/><ofType><semtype type="VOID"/></ofType></node><location begcolumn="1" begline="14" endcolumn="31" endline="14" loc="14.1 - 14.31"/><frame FP="T2" RV="T3" argssize="0" depth="0" label="_putChar" locssize="0" size="16"/></node><node id="15" label="FunDecl" lexeme="getChar"><node id="11" label="AtomType" spec="CHAR"><location begcolumn="15" begline="15" endcolumn="18" endline="15" loc="15.15 - 15.18"/><isType><semtype type="CHAR"/></isType></node><node id="14" label="CastExpr"><node id="12" label="AtomExpr" lexeme="0" spec="INTEGER"><location begcolumn="23" begline="15" endcolumn="23" endline="15" loc="15.23 - 15.23"/><ofType><semtype type="INTEGER"/></ofType></node><node id="13" label="AtomType" spec="CHAR"><location begcolumn="25" begline="15" endcolumn="28" endline="15" loc="15.25 - 15.28"/><isType><semtype type="CHAR"/></isType></node><location begcolumn="22" begline="15" endcolumn="29" endline="15" loc="15.22 - 15.29"/><ofType><semtype type="CHAR"/></ofType></node><location begcolumn="1" begline="15" endcolumn="29" endline="15" loc="15.1 - 15.29"/><frame FP="T4" RV="T5" argssize="0" depth="0" label="_getChar" locssize="0" size="16"/></node><node id="87" label="FunDecl" lexeme="putInteger"><node id="18" label="{Pars}"><node id="17" label="ParDecl" lexeme="i"><node id="16" label="AtomType" spec="INTEGER"><location begcolumn="18" begline="17" endcolumn="24" endline="17" loc="17.18 - 17.24"/><isType><semtype type="INTEGER"/></isType></node><location begcolumn="16" begline="17" endcolumn="24" endline="17" loc="17.16 - 17.24"/><access offset="8" size="8"/></node><location begcolumn="16" begline="17" endcolumn="24" endline="17" loc="17.16 - 17.24"/></node><node id="19" label="AtomType" spec="VOID"><location begcolumn="27" begline="17" endcolumn="30" endline="17" loc="17.27 - 17.30"/><isType><semtype type="VOID"/></isType></node><node id="86" label="WhereExpr"><node id="50" label="StmtExpr"><node id="49" label="{Stmts}"><node id="36" label="IfStmt"><node id="22" label="BinExpr" spec="LTH"><node id="20" label="NameExpr" lexeme="i"><location begcolumn="11" begline="19" endcolumn="11" endline="19" loc="19.11 - 19.11"/><declaredAt idx="17" location="17.16 - 17.24"/><ofType><semtype type="INTEGER"/></ofType><lvalue/></node><node id="21" label="AtomExpr" lexeme="0" spec="INTEGER"><location begcolumn="13" begline="19" endcolumn="13" endline="19" loc="19.13 - 19.13"/><ofType><semtype type="INTEGER"/></ofType></node><location begcolumn="11" begline="19" endcolumn="13" endline="19" loc="19.11 - 19.13"/><ofType><semtype type="BOOLEAN"/></ofType></node><node id="33" label="ExprStmt"><node id="32" label="StmtExpr"><node id="31" label="{Stmts}"><node id="26" label="ExprStmt"><node id="25" label="CallExpr" lexeme="putChar"><node id="24" label="{CallArgs}"><node id="23" label="AtomExpr" lexeme="'-'" spec="CHAR"><location begcolumn="31" begline="19" endcolumn="33" endline="19" loc="19.31 - 19.33"/><ofType><semtype type="CHAR"/></ofType></node><location begcolumn="31" begline="19" endcolumn="33" endline="19" loc="19.31 - 19.33"/></node><location begcolumn="23" begline="19" endcolumn="34" endline="19" loc="19.23 - 19.34"/><declaredAt idx="9" location="14.1 - 14.31"/><ofType><semtype type="VOID"/></ofType></node><location begcolumn="23" begline="19" endcolumn="34" endline="19" loc="19.23 - 19.34"/><ofType><semtype type="VOID"/></ofType></node><node id="30" label="AssignStmt"><node id="27" label="NameExpr" lexeme="i"><location begcolumn="37" begline="19" endcolumn="37" endline="19" loc="19.37 - 19.37"/><declaredAt idx="17" location="17.16 - 17.24"/><ofType><semtype type="INTEGER"/></ofType><lvalue/></node><node id="29" label="PfxExpr" spec="SUB"><node id="28" label="NameExpr" lexeme="i"><location begcolumn="40" begline="19" endcolumn="40" endline="19" loc="19.40 - 19.40"/><declaredAt idx="17" location="17.16 - 17.24"/><ofType><semtype type="INTEGER"/></ofType><lvalue/></node><location begcolumn="39" begline="19" endcolumn="40" endline="19" loc="19.39 - 19.40"/><ofType><semtype type="INTEGER"/></ofType></node><location begcolumn="37" begline="19" endcolumn="40" endline="19" loc="19.37 - 19.40"/><ofType><semtype type="VOID"/></ofType></node><location begcolumn="23" begline="19" endcolumn="40" endline="19" loc="19.23 - 19.40"/></node><location begcolumn="21" begline="19" endcolumn="43" endline="19" loc="19.21 - 19.43"/><ofType><semtype type="VOID"/></ofType></node><location begcolumn="21" begline="19" endcolumn="43" endline="19" loc="19.21 - 19.43"/><ofType><semtype type="VOID"/></ofType></node><node id="35" label="ExprStmt"><node id="34" label="AtomExpr" lexeme="none" spec="VOID"><location begcolumn="50" begline="19" endcolumn="53" endline="19" loc="19.50 - 19.53"/><ofType><semtype type="VOID"/></ofType></node><location begcolumn="50" begline="19" endcolumn="53" endline="19" loc="19.50 - 19.53"/><ofType><semtype type="VOID"/></ofType></node><location begcolumn="7" begline="19" endcolumn="53" endline="19" loc="19.7 - 19.53"/><ofType><semtype type="VOID"/></ofType></node><node id="48" label="IfStmt"><node id="39" label="BinExpr" spec="EQU"><node id="37" label="NameExpr" lexeme="i"><location begcolumn="11" begline="20" endcolumn="11" endline="20" loc="20.11 - 20.11"/><declaredAt idx="17" location="17.16 - 17.24"/><ofType><semtype type="INTEGER"/></ofType><lvalue/></node><node id="38" label="AtomExpr" lexeme="0" spec="INTEGER"><location begcolumn="14" begline="20" endcolumn="14" endline="20" loc="20.14 - 20.14"/><ofType><semtype type="INTEGER"/></ofType></node><location begcolumn="11" begline="20" endcolumn="14" endline="20" loc="20.11 - 20.14"/><ofType><semtype type="BOOLEAN"/></ofType></node><node id="43" label="ExprStmt"><node id="42" label="CallExpr" lexeme="putChar"><node id="41" label="{CallArgs}"><node id="40" label="AtomExpr" lexeme="'0'" spec="CHAR"><location begcolumn="30" begline="20" endcolumn="32" endline="20" loc="20.30 - 20.32"/><ofType><semtype type="CHAR"/></ofType></node><location begcolumn="30" begline="20" endcolumn="32" endline="20" loc="20.30 - 20.32"/></node><location begcolumn="22" begline="20" endcolumn="33" endline="20" loc="20.22 - 20.33"/><declaredAt idx="9" location="14.1 - 14.31"/><ofType><semtype type="VOID"/></ofType></node><location begcolumn="22" begline="20" endcolumn="33" endline="20" loc="20.22 - 20.33"/><ofType><semtype type="VOID"/></ofType></node><node id="47" label="ExprStmt"><node id="46" label="CallExpr" lexeme="put"><node id="45" label="{CallArgs}"><node id="44" label="NameExpr" lexeme="i"><location begcolumn="44" begline="20" endcolumn="44" endline="20" loc="20.44 - 20.44"/><declaredAt idx="17" location="17.16 - 17.24"/><ofType><semtype type="INTEGER"/></ofType><lvalue/></node><location begcolumn="44" begline="20" endcolumn="44" endline="20" loc="20.44 - 20.44"/></node><location begcolumn="40" begline="20" endcolumn="45" endline="20" loc="20.40 - 20.45"/><declaredAt idx="84" location="24.7 - 30.11"/><ofType><semtype type="VOID"/></ofType></node><location begcolumn="40" begline="20" endcolumn="45" endline="20" loc="20.40 - 20.45"/><ofType><semtype type="VOID"/></ofType></node><location begcolumn="7" begline="20" endcolumn="45" endline="20" loc="20.7 - 20.45"/><ofType><semtype type="VOID"/></ofType></node><location begcolumn="7" begline="19" endcolumn="45" endline="20" loc="19.7 - 20.45"/></node><location begcolumn="5" begline="18" endcolumn="5" endline="21" loc="18.5 - 21.5"/><ofType><semtype type="VOID"/></ofType></node><node id="85" label="{Decls}"><node id="84" label="FunDecl" lexeme="put"><node id="53" label="{Pars}"><node id="52" label="ParDecl" lexeme="i"><node id="51" label="AtomType" spec="INTEGER"><location begcolumn="17" begline="24" endcolumn="23" endline="24" loc="24.17 - 24.23"/><isType><semtype type="INTEGER"/></isType></node><location begcolumn="15" begline="24" endcolumn="23" endline="24" loc="24.15 - 24.23"/><access depth="1" offset="8" size="8"/></node><location begcolumn="15" begline="24" endcolumn="23" endline="24" loc="24.15 - 24.23"/></node><node id="54" label="AtomType" spec="VOID"><location begcolumn="26" begline="24" endcolumn="29" endline="24" loc="24.26 - 24.29"/><isType><semtype type="VOID"/></isType></node><node id="83" label="StmtExpr"><node id="82" label="{Stmts}"><node id="81" label="IfStmt"><node id="57" label="BinExpr" spec="EQU"><node id="55" label="NameExpr" lexeme="i"><location begcolumn="17" begline="26" endcolumn="17" endline="26" loc="26.17 - 26.17"/><declaredAt idx="52" location="24.15 - 24.23"/><ofType><semtype type="INTEGER"/></ofType><lvalue/></node><node id="56" label="AtomExpr" lexeme="0" spec="INTEGER"><location begcolumn="20" begline="26" endcolumn="20" endline="26" loc="26.20 - 26.20"/><ofType><semtype type="INTEGER"/></ofType></node><location begcolumn="17" begline="26" endcolumn="20" endline="26" loc="26.17 - 26.20"/><ofType><semtype type="BOOLEAN"/></ofType></node><node id="59" label="ExprStmt"><node id="58" label="AtomExpr" lexeme="none" spec="VOID"><location begcolumn="28" begline="26" endcolumn="31" endline="26" loc="26.28 - 26.31"/><ofType><semtype type="VOID"/></ofType></node><location begcolumn="28" begline="26" endcolumn="31" endline="26" loc="26.28 - 26.31"/><ofType><semtype type="VOID"/></ofType></node><node id="80" label="ExprStmt"><node id="79" label="StmtExpr"><node id="78" label="{Stmts}"><node id="65" label="ExprStmt"><node id="64" label="CallExpr" lexeme="put"><node id="63" label="{CallArgs}"><node id="62" label="BinExpr" spec="DIV"><node id="60" label="NameExpr" lexeme="i"><location begcolumn="19" begline="27" endcolumn="19" endline="27" loc="27.19 - 27.19"/><declaredAt idx="52" location="24.15 - 24.23"/><ofType><semtype type="INTEGER"/></ofType><lvalue/></node><node id="61" label="AtomExpr" lexeme="10" spec="INTEGER"><location begcolumn="21" begline="27" endcolumn="22" endline="27" loc="27.21 - 27.22"/><ofType><semtype type="INTEGER"/></ofType></node><location begcolumn="19" begline="27" endcolumn="22" endline="27" loc="27.19 - 27.22"/><ofType><semtype type="INTEGER"/></ofType></node><location begcolumn="19" begline="27" endcolumn="22" endline="27" loc="27.19 - 27.22"/></node><location begcolumn="15" begline="27" endcolumn="23" endline="27" loc="27.15 - 27.23"/><declaredAt idx="84" location="24.7 - 30.11"/><ofType><semtype type="VOID"/></ofType></node><location begcolumn="15" begline="27" endcolumn="23" endline="27" loc="27.15 - 27.23"/><ofType><semtype type="VOID"/></ofType></node><node id="77" label="ExprStmt"><node id="76" label="CallExpr" lexeme="putChar"><node id="75" label="{CallArgs}"><node id="74" label="CastExpr"><node id="72" label="BinExpr" spec="ADD"><node id="68" label="BinExpr" spec="MOD"><node id="66" label="NameExpr" lexeme="i"><location begcolumn="25" begline="28" endcolumn="25" endline="28" loc="28.25 - 28.25"/><declaredAt idx="52" location="24.15 - 24.23"/><ofType><semtype type="INTEGER"/></ofType><lvalue/></node><node id="67" label="AtomExpr" lexeme="10" spec="INTEGER"><location begcolumn="27" begline="28" endcolumn="28" endline="28" loc="28.27 - 28.28"/><ofType><semtype type="INTEGER"/></ofType></node><location begcolumn="25" begline="28" endcolumn="28" endline="28" loc="28.25 - 28.28"/><ofType><semtype type="INTEGER"/></ofType></node><node id="71" label="CastExpr"><node id="69" label="AtomExpr" lexeme="'0'" spec="CHAR"><location begcolumn="31" begline="28" endcolumn="33" endline="28" loc="28.31 - 28.33"/><ofType><semtype type="CHAR"/></ofType></node><node id="70" label="AtomType" spec="INTEGER"><location begcolumn="35" begline="28" endcolumn="41" endline="28" loc="28.35 - 28.41"/><isType><semtype type="INTEGER"/></isType></node><location begcolumn="30" begline="28" endcolumn="42" endline="28" loc="28.30 - 28.42"/><ofType><semtype type="INTEGER"/></ofType></node><location begcolumn="25" begline="28" endcolumn="42" endline="28" loc="28.25 - 28.42"/><ofType><semtype type="INTEGER"/></ofType></node><node id="73" label="AtomType" spec="CHAR"><location begcolumn="45" begline="28" endcolumn="48" endline="28" loc="28.45 - 28.48"/><isType><semtype type="CHAR"/></isType></node><location begcolumn="23" begline="28" endcolumn="49" endline="28" loc="28.23 - 28.49"/><ofType><semtype type="CHAR"/></ofType></node><location begcolumn="23" begline="28" endcolumn="49" endline="28" loc="28.23 - 28.49"/></node><location begcolumn="15" begline="28" endcolumn="50" endline="28" loc="28.15 - 28.50"/><declaredAt idx="9" location="14.1 - 14.31"/><ofType><semtype type="VOID"/></ofType></node><location begcolumn="15" begline="28" endcolumn="50" endline="28" loc="28.15 - 28.50"/><ofType><semtype type="VOID"/></ofType></node><location begcolumn="15" begline="27" endcolumn="50" endline="28" loc="27.15 - 28.50"/></node><location begcolumn="38" begline="26" endcolumn="13" endline="29" loc="26.38 - 29.13"/><ofType><semtype type="VOID"/></ofType></node><location begcolumn="38" begline="26" endcolumn="13" endline="29" loc="26.38 - 29.13"/><ofType><semtype type="VOID"/></ofType></node><location begcolumn="13" begline="26" endcolumn="13" endline="29" loc="26.13 - 29.13"/><ofType><semtype type="VOID"/></ofType></node><location begcolumn="13" begline="26" endcolumn="13" endline="29" loc="26.13 - 29.13"/></node><location begcolumn="11" begline="25" endcolumn="11" endline="30" loc="25.11 - 30.11"/><ofType><semtype type="VOID"/></ofType></node><location begcolumn="7" begline="24" endcolumn="11" endline="30" loc="24.7 - 30.11"/><frame FP="T6" RV="T7" argssize="16" depth="1" label="L0" locssize="0" size="32"/></node><location begcolumn="7" begline="24" endcolumn="11" endline="30" loc="24.7 - 30.11"/></node><location begcolumn="5" begline="18" endcolumn="5" endline="31" loc="18.5 - 31.5"/><ofType><semtype type="VOID"/></ofType></node><location begcolumn="1" begline="17" endcolumn="5" endline="31" loc="17.1 - 31.5"/><frame FP="T8" RV="T9" argssize="16" depth="0" label="_putInteger" locssize="0" size="32"/></node><node id="194" label="FunDecl" lexeme="getInteger"><node id="89" label="AtomType" spec="INTEGER"><location begcolumn="18" begline="33" endcolumn="24" endline="33" loc="33.18 - 33.24"/><isType><semtype type="INTEGER"/></isType></node><node id="193" label="WhereExpr"><node id="185" label="StmtExpr"><node id="184" label="{Stmts}"><node id="92" label="AssignStmt"><node id="90" label="NameExpr" lexeme="sign"><location begcolumn="7" begline="35" endcolumn="10" endline="35" loc="35.7 - 35.10"/><declaredAt idx="187" location="50.7 - 50.22"/><ofType><semtype type="INTEGER"/></ofType><lvalue/></node><node id="91" label="AtomExpr" lexeme="1" spec="INTEGER"><location begcolumn="12" begline="35" endcolumn="12" endline="35" loc="35.12 - 35.12"/><ofType><semtype type="INTEGER"/></ofType></node><location begcolumn="7" begline="35" endcolumn="12" endline="35" loc="35.7 - 35.12"/><ofType><semtype type="VOID"/></ofType></node><node id="95" label="AssignStmt"><node id="93" label="NameExpr" lexeme="val"><location begcolumn="7" begline="36" endcolumn="9" endline="36" loc="36.7 - 36.9"/><declaredAt idx="189" location="51.7 - 51.21"/><ofType><semtype type="INTEGER"/></ofType><lvalue/></node><node id="94" label="AtomExpr" lexeme="0" spec="INTEGER"><location begcolumn="11" begline="36" endcolumn="11" endline="36" loc="36.11 - 36.11"/><ofType><semtype type="INTEGER"/></ofType></node><location begcolumn="7" begline="36" endcolumn="11" endline="36" loc="36.7 - 36.11"/><ofType><semtype type="VOID"/></ofType></node><node id="99" label="AssignStmt"><node id="96" label="NameExpr" lexeme="c"><location begcolumn="7" begline="37" endcolumn="7" endline="37" loc="37.7 - 37.7"/><declaredAt idx="191" location="52.7 - 52.16"/><ofType><semtype type="CHAR"/></ofType><lvalue/></node><node id="98" label="CallExpr" lexeme="getChar"><location begcolumn="11" begline="37" endcolumn="19" endline="37" loc="37.11 - 37.19"/><declaredAt idx="15" location="15.1 - 15.29"/><ofType><semtype type="CHAR"/></ofType></node><location begcolumn="7" begline="37" endcolumn="19" endline="37" loc="37.7 - 37.19"/><ofType><semtype type="VOID"/></ofType></node><node id="140" label="IfStmt"><node id="102" label="BinExpr" spec="EQU"><node id="100" label="NameExpr" lexeme="c"><location begcolumn="11" begline="38" endcolumn="11" endline="38" loc="38.11 - 38.11"/><declaredAt idx="191" location="52.7 - 52.16"/><ofType><semtype type="CHAR"/></ofType><lvalue/></node><node id="101" label="AtomExpr" lexeme="'+'" spec="CHAR"><location begcolumn="14" begline="38" endcolumn="16" endline="38" loc="38.14 - 38.16"/><ofType><semtype type="CHAR"/></ofType></node><location begcolumn="11" begline="38" endcolumn="16" endline="38" loc="38.11 - 38.16"/><ofType><semtype type="BOOLEAN"/></ofType></node><node id="112" label="ExprStmt"><node id="111" label="StmtExpr"><node id="110" label="{Stmts}"><node id="106" label="AssignStmt"><node id="103" label="NameExpr" lexeme="sign"><location begcolumn="26" begline="38" endcolumn="29" endline="38" loc="38.26 - 38.29"/><declaredAt idx="187" location="50.7 - 50.22"/><ofType><semtype type="INTEGER"/></ofType><lvalue/></node><node id="105" label="PfxExpr" spec="ADD"><node id="104" label="AtomExpr" lexeme="1" spec="INTEGER"><location begcolumn="32" begline="38" endcolumn="32" endline="38" loc="38.32 - 38.32"/><ofType><semtype type="INTEGER"/></ofType></node><location begcolumn="31" begline="38" endcolumn="32" endline="38" loc="38.31 - 38.32"/><ofType><semtype type="INTEGER"/></ofType></node><location begcolumn="26" begline="38" endcolumn="32" endline="38" loc="38.26 - 38.32"/><ofType><semtype type="VOID"/></ofType></node><node id="109" label="AssignStmt"><node id="107" label="NameExpr" lexeme="c"><location begcolumn="35" begline="38" endcolumn="35" endline="38" loc="38.35 - 38.35"/><declaredAt idx="191" location="52.7 - 52.16"/><ofType><semtype type="CHAR"/></ofType><lvalue/></node><node id="108" label="AtomExpr" lexeme="'0'" spec="CHAR"><location begcolumn="37" begline="38" endcolumn="39" endline="38" loc="38.37 - 38.39"/><ofType><semtype type="CHAR"/></ofType></node><location begcolumn="35" begline="38" endcolumn="39" endline="38" loc="38.35 - 38.39"/><ofType><semtype type="VOID"/></ofType></node><location begcolumn="26" begline="38" endcolumn="39" endline="38" loc="38.26 - 38.39"/></node><location begcolumn="24" begline="38" endcolumn="42" endline="38" loc="38.24 - 38.42"/><ofType><semtype type="VOID"/></ofType></node><location begcolumn="24" begline="38" endcolumn="42" endline="38" loc="38.24 - 38.42"/><ofType><semtype type="VOID"/></ofType></node><node id="139" label="IfStmt"><node id="115" label="BinExpr" spec="EQU"><node id="113" label="NameExpr" lexeme="c"><location begcolumn="11" begline="39" endcolumn="11" endline="39" loc="39.11 - 39.11"/><declaredAt idx="191" location="52.7 - 52.16"/><ofType><semtype type="CHAR"/></ofType><lvalue/></node><node id="114" label="AtomExpr" lexeme="'-'" spec="CHAR"><location begcolumn="14" begline="39" endcolumn="16" endline="39" loc="39.14 - 39.16"/><ofType><semtype type="CHAR"/></ofType></node><location begcolumn="11" begline="39" endcolumn="16" endline="39" loc="39.11 - 39.16"/><ofType><semtype type="BOOLEAN"/></ofType></node><node id="125" label="ExprStmt"><node id="124" label="StmtExpr"><node id="123" label="{Stmts}"><node id="119" label="AssignStmt"><node id="116" label="NameExpr" lexeme="sign"><location begcolumn="26" begline="39" endcolumn="29" endline="39" loc="39.26 - 39.29"/><declaredAt idx="187" location="50.7 - 50.22"/><ofType><semtype type="INTEGER"/></ofType><lvalue/></node><node id="118" label="PfxExpr" spec="SUB"><node id="117" label="AtomExpr" lexeme="1" spec="INTEGER"><location begcolumn="32" begline="39" endcolumn="32" endline="39" loc="39.32 - 39.32"/><ofType><semtype type="INTEGER"/></ofType></node><location begcolumn="31" begline="39" endcolumn="32" endline="39" loc="39.31 - 39.32"/><ofType><semtype type="INTEGER"/></ofType></node><location begcolumn="26" begline="39" endcolumn="32" endline="39" loc="39.26 - 39.32"/><ofType><semtype type="VOID"/></ofType></node><node id="122" label="AssignStmt"><node id="120" label="NameExpr" lexeme="c"><location begcolumn="35" begline="39" endcolumn="35" endline="39" loc="39.35 - 39.35"/><declaredAt idx="191" location="52.7 - 52.16"/><ofType><semtype type="CHAR"/></ofType><lvalue/></node><node id="121" label="AtomExpr" lexeme="'0'" spec="CHAR"><location begcolumn="37" begline="39" endcolumn="39" endline="39" loc="39.37 - 39.39"/><ofType><semtype type="CHAR"/></ofType></node><location begcolumn="35" begline="39" endcolumn="39" endline="39" loc="39.35 - 39.39"/><ofType><semtype type="VOID"/></ofType></node><location begcolumn="26" begline="39" endcolumn="39" endline="39" loc="39.26 - 39.39"/></node><location begcolumn="24" begline="39" endcolumn="42" endline="39" loc="39.24 - 39.42"/><ofType><semtype type="VOID"/></ofType></node><location begcolumn="24" begline="39" endcolumn="42" endline="39" loc="39.24 - 39.42"/><ofType><semtype type="VOID"/></ofType></node><node id="138" label="IfStmt"><node id="132" label="BinExpr" spec="OR"><node id="128" label="BinExpr" spec="LTH"><node id="126" label="NameExpr" lexeme="c"><location begcolumn="11" begline="40" endcolumn="11" endline="40" loc="40.11 - 40.11"/><declaredAt idx="191" location="52.7 - 52.16"/><ofType><semtype type="CHAR"/></ofType><lvalue/></node><node id="127" label="AtomExpr" lexeme="'0'" spec="CHAR"><location begcolumn="13" begline="40" endcolumn="15" endline="40" loc="40.13 - 40.15"/><ofType><semtype type="CHAR"/></ofType></node><location begcolumn="11" begline="40" endcolumn="15" endline="40" loc="40.11 - 40.15"/><ofType><semtype type="BOOLEAN"/></ofType></node><node id="131" label="BinExpr" spec="GTH"><node id="129" label="NameExpr" lexeme="c"><location begcolumn="19" begline="40" endcolumn="19" endline="40" loc="40.19 - 40.19"/><declaredAt idx="191" location="52.7 - 52.16"/><ofType><semtype type="CHAR"/></ofType><lvalue/></node><node id="130" label="AtomExpr" lexeme="'9'" spec="CHAR"><location begcolumn="21" begline="40" endcolumn="23" endline="40" loc="40.21 - 40.23"/><ofType><semtype type="CHAR"/></ofType></node><location begcolumn="19" begline="40" endcolumn="23" endline="40" loc="40.19 - 40.23"/><ofType><semtype type="BOOLEAN"/></ofType></node><location begcolumn="11" begline="40" endcolumn="23" endline="40" loc="40.11 - 40.23"/><ofType><semtype type="BOOLEAN"/></ofType></node><node id="135" label="ExprStmt"><node id="134" label="CallExpr" lexeme="exit"><location begcolumn="31" begline="40" endcolumn="36" endline="40" loc="40.31 - 40.36"/><declaredAt idx="3" location="13.1 - 13.22"/><ofType><semtype type="VOID"/></ofType></node><location begcolumn="31" begline="40" endcolumn="36" endline="40" loc="40.31 - 40.36"/><ofType><semtype type="VOID"/></ofType></node><node id="137" label="ExprStmt"><node id="136" label="AtomExpr" lexeme="none" spec="VOID"><location begcolumn="43" begline="40" endcolumn="46" endline="40" loc="40.43 - 40.46"/><ofType><semtype type="VOID"/></ofType></node><location begcolumn="43" begline="40" endcolumn="46" endline="40" loc="40.43 - 40.46"/><ofType><semtype type="VOID"/></ofType></node><location begcolumn="7" begline="40" endcolumn="46" endline="40" loc="40.7 - 40.46"/><ofType><semtype type="VOID"/></ofType></node><location begcolumn="7" begline="39" endcolumn="46" endline="40" loc="39.7 - 40.46"/><ofType><semtype type="VOID"/></ofType></node><location begcolumn="7" begline="38" endcolumn="46" endline="40" loc="38.7 - 40.46"/><ofType><semtype type="VOID"/></ofType></node><node id="168" label="WhileStmt"><node id="147" label="BinExpr" spec="AND"><node id="143" label="BinExpr" spec="LEQ"><node id="141" label="AtomExpr" lexeme="'0'" spec="CHAR"><location begcolumn="14" begline="41" endcolumn="16" endline="41" loc="41.14 - 41.16"/><ofType><semtype type="CHAR"/></ofType></node><node id="142" label="NameExpr" lexeme="c"><location begcolumn="19" begline="41" endcolumn="19" endline="41" loc="41.19 - 41.19"/><declaredAt idx="191" location="52.7 - 52.16"/><ofType><semtype type="CHAR"/></ofType><lvalue/></node><location begcolumn="14" begline="41" endcolumn="19" endline="41" loc="41.14 - 41.19"/><ofType><semtype type="BOOLEAN"/></ofType></node><node id="146" label="BinExpr" spec="LEQ"><node id="144" label="NameExpr" lexeme="c"><location begcolumn="23" begline="41" endcolumn="23" endline="41" loc="41.23 - 41.23"/><declaredAt idx="191" location="52.7 - 52.16"/><ofType><semtype type="CHAR"/></ofType><lvalue/></node><node id="145" label="AtomExpr" lexeme="'9'" spec="CHAR"><location begcolumn="26" begline="41" endcolumn="28" endline="41" loc="41.26 - 41.28"/><ofType><semtype type="CHAR"/></ofType></node><location begcolumn="23" begline="41" endcolumn="28" endline="41" loc="41.23 - 41.28"/><ofType><semtype type="BOOLEAN"/></ofType></node><location begcolumn="14" begline="41" endcolumn="28" endline="41" loc="41.14 - 41.28"/><ofType><semtype type="BOOLEAN"/></ofType></node><node id="167" label="ExprStmt"><node id="166" label="StmtExpr"><node id="165" label="{Stmts}"><node id="160" label="AssignStmt"><node id="148" label="NameExpr" lexeme="val"><location begcolumn="9" begline="42" endcolumn="11" endline="42" loc="42.9 - 42.11"/><declaredAt idx="189" location="51.7 - 51.21"/><ofType><semtype type="INTEGER"/></ofType><lvalue/></node><node id="159" label="BinExpr" spec="ADD"><node id="151" label="BinExpr" spec="MUL"><node id="149" label="NameExpr" lexeme="val"><location begcolumn="13" begline="42" endcolumn="15" endline="42" loc="42.13 - 42.15"/><declaredAt idx="189" location="51.7 - 51.21"/><ofType><semtype type="INTEGER"/></ofType><lvalue/></node><node id="150" label="AtomExpr" lexeme="10" spec="INTEGER"><location begcolumn="17" begline="42" endcolumn="18" endline="42" loc="42.17 - 42.18"/><ofType><semtype type="INTEGER"/></ofType></node><location begcolumn="13" begline="42" endcolumn="18" endline="42" loc="42.13 - 42.18"/><ofType><semtype type="INTEGER"/></ofType></node><node id="158" label="BinExpr" spec="SUB"><node id="154" label="CastExpr"><node id="152" label="NameExpr" lexeme="c"><location begcolumn="22" begline="42" endcolumn="22" endline="42" loc="42.22 - 42.22"/><declaredAt idx="191" location="52.7 - 52.16"/><ofType><semtype type="CHAR"/></ofType><lvalue/></node><node id="153" label="AtomType" spec="INTEGER"><location begcolumn="24" begline="42" endcolumn="30" endline="42" loc="42.24 - 42.30"/><isType><semtype type="INTEGER"/></isType></node><location begcolumn="21" begline="42" endcolumn="31" endline="42" loc="42.21 - 42.31"/><ofType><semtype type="INTEGER"/></ofType></node><node id="157" label="CastExpr"><node id="155" label="AtomExpr" lexeme="'0'" spec="CHAR"><location begcolumn="34" begline="42" endcolumn="36" endline="42" loc="42.34 - 42.36"/><ofType><semtype type="CHAR"/></ofType></node><node id="156" label="AtomType" spec="INTEGER"><location begcolumn="38" begline="42" endcolumn="44" endline="42" loc="42.38 - 42.44"/><isType><semtype type="INTEGER"/></isType></node><location begcolumn="33" begline="42" endcolumn="45" endline="42" loc="42.33 - 42.45"/><ofType><semtype type="INTEGER"/></ofType></node><location begcolumn="21" begline="42" endcolumn="45" endline="42" loc="42.21 - 42.45"/><ofType><semtype type="INTEGER"/></ofType></node><location begcolumn="13" begline="42" endcolumn="45" endline="42" loc="42.13 - 42.45"/><ofType><semtype type="INTEGER"/></ofType></node><location begcolumn="9" begline="42" endcolumn="45" endline="42" loc="42.9 - 42.45"/><ofType><semtype type="VOID"/></ofType></node><node id="164" label="AssignStmt"><node id="161" label="NameExpr" lexeme="c"><location begcolumn="9" begline="43" endcolumn="9" endline="43" loc="43.9 - 43.9"/><declaredAt idx="191" location="52.7 - 52.16"/><ofType><semtype type="CHAR"/></ofType><lvalue/></node><node id="163" label="CallExpr" lexeme="getChar"><location begcolumn="11" begline="43" endcolumn="19" endline="43" loc="43.11 - 43.19"/><declaredAt idx="15" location="15.1 - 15.29"/><ofType><semtype type="CHAR"/></ofType></node><location begcolumn="9" begline="43" endcolumn="19" endline="43" loc="43.9 - 43.19"/><ofType><semtype type="VOID"/></ofType></node><location begcolumn="9" begline="42" endcolumn="19" endline="43" loc="42.9 - 43.19"/></node><location begcolumn="34" begline="41" endcolumn="7" endline="44" loc="41.34 - 44.7"/><ofType><semtype type="VOID"/></ofType></node><location begcolumn="34" begline="41" endcolumn="7" endline="44" loc="41.34 - 44.7"/><ofType><semtype type="VOID"/></ofType></node><location begcolumn="7" begline="41" endcolumn="7" endline="44" loc="41.7 - 44.7"/><ofType><semtype type="VOID"/></ofType></node><node id="179" label="IfStmt"><node id="173" label="BinExpr" spec="NEQ"><node id="169" label="NameExpr" lexeme="c"><location begcolumn="11" begline="45" endcolumn="11" endline="45" loc="45.11 - 45.11"/><declaredAt idx="191" location="52.7 - 52.16"/><ofType><semtype type="CHAR"/></ofType><lvalue/></node><node id="172" label="CastExpr"><node id="170" label="AtomExpr" lexeme="10" spec="INTEGER"><location begcolumn="15" begline="45" endcolumn="16" endline="45" loc="45.15 - 45.16"/><ofType><semtype type="INTEGER"/></ofType></node><node id="171" label="AtomType" spec="CHAR"><location begcolumn="18" begline="45" endcolumn="21" endline="45" loc="45.18 - 45.21"/><isType><semtype type="CHAR"/></isType></node><location begcolumn="14" begline="45" endcolumn="22" endline="45" loc="45.14 - 45.22"/><ofType><semtype type="CHAR"/></ofType></node><location begcolumn="11" begline="45" endcolumn="22" endline="45" loc="45.11 - 45.22"/><ofType><semtype type="BOOLEAN"/></ofType></node><node id="176" label="ExprStmt"><node id="175" label="CallExpr" lexeme="exit"><location begcolumn="30" begline="45" endcolumn="35" endline="45" loc="45.30 - 45.35"/><declaredAt idx="3" location="13.1 - 13.22"/><ofType><semtype type="VOID"/></ofType></node><location begcolumn="30" begline="45" endcolumn="35" endline="45" loc="45.30 - 45.35"/><ofType><semtype type="VOID"/></ofType></node><node id="178" label="ExprStmt"><node id="177" label="AtomExpr" lexeme="none" spec="VOID"><location begcolumn="42" begline="45" endcolumn="45" endline="45" loc="45.42 - 45.45"/><ofType><semtype type="VOID"/></ofType></node><location begcolumn="42" begline="45" endcolumn="45" endline="45" loc="45.42 - 45.45"/><ofType><semtype type="VOID"/></ofType></node><location begcolumn="7" begline="45" endcolumn="45" endline="45" loc="45.7 - 45.45"/><ofType><semtype type="VOID"/></ofType></node><node id="183" label="ExprStmt"><node id="182" label="BinExpr" spec="MUL"><node id="180" label="NameExpr" lexeme="sign"><location begcolumn="7" begline="46" endcolumn="10" endline="46" loc="46.7 - 46.10"/><declaredAt idx="187" location="50.7 - 50.22"/><ofType><semtype type="INTEGER"/></ofType><lvalue/></node><node id="181" label="NameExpr" lexeme="val"><location begcolumn="14" begline="46" endcolumn="16" endline="46" loc="46.14 - 46.16"/><declaredAt idx="189" location="51.7 - 51.21"/><ofType><semtype type="INTEGER"/></ofType><lvalue/></node><location begcolumn="7" begline="46" endcolumn="16" endline="46" loc="46.7 - 46.16"/><ofType><semtype type="INTEGER"/></ofType></node><location begcolumn="7" begline="46" endcolumn="16" endline="46" loc="46.7 - 46.16"/><ofType><semtype type="INTEGER"/></ofType></node><location begcolumn="7" begline="35" endcolumn="16" endline="46" loc="35.7 - 46.16"/></node><location begcolumn="5" begline="34" endcolumn="5" endline="47" loc="34.5 - 47.5"/><ofType><semtype type="INTEGER"/></ofType></node><node id="192" label="{Decls}"><node id="187" label="VarDecl" lexeme="sign"><node id="186" label="AtomType" spec="INTEGER"><location begcolumn="16" begline="50" endcolumn="22" endline="50" loc="50.16 - 50.22"/><isType><semtype type="INTEGER"/></isType></node><location begcolumn="7" begline="50" endcolumn="22" endline="50" loc="50.7 - 50.22"/><access offset="-8" size="8"/></node><node id="189" label="VarDecl" lexeme="val"><node id="188" label="AtomType" spec="INTEGER"><location begcolumn="15" begline="51" endcolumn="21" endline="51" loc="51.15 - 51.21"/><isType><semtype type="INTEGER"/></isType></node><location begcolumn="7" begline="51" endcolumn="21" endline="51" loc="51.7 - 51.21"/><access offset="-16" size="8"/></node><node id="191" label="VarDecl" lexeme="c"><node id="190" label="AtomType" spec="CHAR"><location begcolumn="13" begline="52" endcolumn="16" endline="52" loc="52.13 - 52.16"/><isType><semtype type="CHAR"/></isType></node><location begcolumn="7" begline="52" endcolumn="16" endline="52" loc="52.7 - 52.16"/><access offset="-24" size="8"/></node><location begcolumn="7" begline="50" endcolumn="16" endline="52" loc="50.7 - 52.16"/></node><location begcolumn="5" begline="34" endcolumn="5" endline="53" loc="34.5 - 53.5"/><ofType><semtype type="INTEGER"/></ofType></node><location begcolumn="1" begline="33" endcolumn="5" endline="53" loc="33.1 - 53.5"/><frame FP="T10" RV="T11" argssize="8" depth="0" label="_getInteger" locssize="24" size="48"/></node><node id="249" label="FunDecl" lexeme="putString"><node id="198" label="{Pars}"><node id="197" label="ParDecl" lexeme="s"><node id="196" label="PtrType"><node id="195" label="AtomType" spec="CHAR"><location begcolumn="18" begline="55" endcolumn="21" endline="55" loc="55.18 - 55.21"/><isType><semtype type="CHAR"/></isType></node><location begcolumn="17" begline="55" endcolumn="21" endline="55" loc="55.17 - 55.21"/><isType><semtype type="PTR"><semtype type="CHAR"/></semtype></isType></node><location begcolumn="15" begline="55" endcolumn="21" endline="55" loc="55.15 - 55.21"/><access offset="8" size="8"/></node><location begcolumn="15" begline="55" endcolumn="21" endline="55" loc="55.15 - 55.21"/></node><node id="199" label="AtomType" spec="VOID"><location begcolumn="24" begline="55" endcolumn="27" endline="55" loc="55.24 - 55.27"/><isType><semtype type="VOID"/></isType></node><node id="248" label="WhereExpr"><node id="244" label="StmtExpr"><node id="243" label="{Stmts}"><node id="202" label="AssignStmt"><node id="200" label="NameExpr" lexeme="i"><location begcolumn="7" begline="57" endcolumn="7" endline="57" loc="57.7 - 57.7"/><declaredAt idx="246" location="66.7 - 66.19"/><ofType><semtype type="INTEGER"/></ofType><lvalue/></node><node id="201" label="AtomExpr" lexeme="0" spec="INTEGER"><location begcolumn="9" begline="57" endcolumn="9" endline="57" loc="57.9 - 57.9"/><ofType><semtype type="INTEGER"/></ofType></node><location begcolumn="7" begline="57" endcolumn="9" endline="57" loc="57.7 - 57.9"/><ofType><semtype type="VOID"/></ofType></node><node id="240" label="WhileStmt"><node id="217" label="BinExpr" spec="NEQ"><node id="213" label="SfxExpr" spec="PTR"><node id="212" label="CastExpr"><node id="209" label="BinExpr" spec="ADD"><node id="205" label="CastExpr"><node id="203" label="NameExpr" lexeme="s"><location begcolumn="16" begline="58" endcolumn="16" endline="58" loc="58.16 - 58.16"/><declaredAt idx="197" location="55.15 - 55.21"/><ofType><semtype type="PTR"><semtype type="CHAR"/></semtype></ofType><lvalue/></node><node id="204" label="AtomType" spec="INTEGER"><location begcolumn="18" begline="58" endcolumn="24" endline="58" loc="58.18 - 58.24"/><isType><semtype type="INTEGER"/></isType></node><location begcolumn="15" begline="58" endcolumn="25" endline="58" loc="58.15 - 58.25"/><ofType><semtype type="INTEGER"/></ofType></node><node id="208" label="BinExpr" spec="MUL"><node id="206" label="NameExpr" lexeme="i"><location begcolumn="28" begline="58" endcolumn="28" endline="58" loc="58.28 - 58.28"/><declaredAt idx="246" location="66.7 - 66.19"/><ofType><semtype type="INTEGER"/></ofType><lvalue/></node><node id="207" label="AtomExpr" lexeme="8" spec="INTEGER"><location begcolumn="30" begline="58" endcolumn="30" endline="58" loc="58.30 - 58.30"/><ofType><semtype type="INTEGER"/></ofType></node><location begcolumn="28" begline="58" endcolumn="30" endline="58" loc="58.28 - 58.30"/><ofType><semtype type="INTEGER"/></ofType></node><location begcolumn="15" begline="58" endcolumn="30" endline="58" loc="58.15 - 58.30"/><ofType><semtype type="INTEGER"/></ofType></node><node id="211" label="PtrType"><node id="210" label="AtomType" spec="CHAR"><location begcolumn="34" begline="58" endcolumn="37" endline="58" loc="58.34 - 58.37"/><isType><semtype type="CHAR"/></isType></node><location begcolumn="33" begline="58" endcolumn="37" endline="58" loc="58.33 - 58.37"/><isType><semtype type="PTR"><semtype type="CHAR"/></semtype></isType></node><location begcolumn="14" begline="58" endcolumn="38" endline="58" loc="58.14 - 58.38"/><ofType><semtype type="PTR"><semtype type="CHAR"/></semtype></ofType></node><location begcolumn="14" begline="58" endcolumn="39" endline="58" loc="58.14 - 58.39"/><ofType><semtype type="CHAR"/></ofType><lvalue/></node><node id="216" label="CastExpr"><node id="214" label="AtomExpr" lexeme="0" spec="INTEGER"><location begcolumn="43" begline="58" endcolumn="43" endline="58" loc="58.43 - 58.43"/><ofType><semtype type="INTEGER"/></ofType></node><node id="215" label="AtomType" spec="CHAR"><location begcolumn="45" begline="58" endcolumn="48" endline="58" loc="58.45 - 58.48"/><isType><semtype type="CHAR"/></isType></node><location begcolumn="42" begline="58" endcolumn="49" endline="58" loc="58.42 - 58.49"/><ofType><semtype type="CHAR"/></ofType></node><location begcolumn="14" begline="58" endcolumn="49" endline="58" loc="58.14 - 58.49"/><ofType><semtype type="BOOLEAN"/></ofType></node><node id="239" label="ExprStmt"><node id="238" label="StmtExpr"><node id="237" label="{Stmts}"><node id="231" label="ExprStmt"><node id="230" label="CallExpr" lexeme="putChar"><node id="229" label="{CallArgs}"><node id="228" label="SfxExpr" spec="PTR"><node id="227" label="CastExpr"><node id="224" label="BinExpr" spec="ADD"><node id="220" label="CastExpr"><node id="218" label="NameExpr" lexeme="s"><location begcolumn="19" begline="59" endcolumn="19" endline="59" loc="59.19 - 59.19"/><declaredAt idx="197" location="55.15 - 55.21"/><ofType><semtype type="PTR"><semtype type="CHAR"/></semtype></ofType><lvalue/></node><node id="219" label="AtomType" spec="INTEGER"><location begcolumn="21" begline="59" endcolumn="27" endline="59" loc="59.21 - 59.27"/><isType><semtype type="INTEGER"/></isType></node><location begcolumn="18" begline="59" endcolumn="28" endline="59" loc="59.18 - 59.28"/><ofType><semtype type="INTEGER"/></ofType></node><node id="223" label="BinExpr" spec="MUL"><node id="221" label="NameExpr" lexeme="i"><location begcolumn="31" begline="59" endcolumn="31" endline="59" loc="59.31 - 59.31"/><declaredAt idx="246" location="66.7 - 66.19"/><ofType><semtype type="INTEGER"/></ofType><lvalue/></node><node id="222" label="AtomExpr" lexeme="8" spec="INTEGER"><location begcolumn="33" begline="59" endcolumn="33" endline="59" loc="59.33 - 59.33"/><ofType><semtype type="INTEGER"/></ofType></node><location begcolumn="31" begline="59" endcolumn="33" endline="59" loc="59.31 - 59.33"/><ofType><semtype type="INTEGER"/></ofType></node><location begcolumn="18" begline="59" endcolumn="33" endline="59" loc="59.18 - 59.33"/><ofType><semtype type="INTEGER"/></ofType></node><node id="226" label="PtrType"><node id="225" label="AtomType" spec="CHAR"><location begcolumn="37" begline="59" endcolumn="40" endline="59" loc="59.37 - 59.40"/><isType><semtype type="CHAR"/></isType></node><location begcolumn="36" begline="59" endcolumn="40" endline="59" loc="59.36 - 59.40"/><isType><semtype type="PTR"><semtype type="CHAR"/></semtype></isType></node><location begcolumn="17" begline="59" endcolumn="41" endline="59" loc="59.17 - 59.41"/><ofType><semtype type="PTR"><semtype type="CHAR"/></semtype></ofType></node><location begcolumn="17" begline="59" endcolumn="42" endline="59" loc="59.17 - 59.42"/><ofType><semtype type="CHAR"/></ofType><lvalue/></node><location begcolumn="17" begline="59" endcolumn="42" endline="59" loc="59.17 - 59.42"/></node><location begcolumn="9" begline="59" endcolumn="43" endline="59" loc="59.9 - 59.43"/><declaredAt idx="9" location="14.1 - 14.31"/><ofType><semtype type="VOID"/></ofType></node><location begcolumn="9" begline="59" endcolumn="43" endline="59" loc="59.9 - 59.43"/><ofType><semtype type="VOID"/></ofType></node><node id="236" label="AssignStmt"><node id="232" label="NameExpr" lexeme="i"><location begcolumn="9" begline="60" endcolumn="9" endline="60" loc="60.9 - 60.9"/><declaredAt idx="246" location="66.7 - 66.19"/><ofType><semtype type="INTEGER"/></ofType><lvalue/></node><node id="235" label="BinExpr" spec="ADD"><node id="233" label="NameExpr" lexeme="i"><location begcolumn="11" begline="60" endcolumn="11" endline="60" loc="60.11 - 60.11"/><declaredAt idx="246" location="66.7 - 66.19"/><ofType><semtype type="INTEGER"/></ofType><lvalue/></node><node id="234" label="AtomExpr" lexeme="1" spec="INTEGER"><location begcolumn="13" begline="60" endcolumn="13" endline="60" loc="60.13 - 60.13"/><ofType><semtype type="INTEGER"/></ofType></node><location begcolumn="11" begline="60" endcolumn="13" endline="60" loc="60.11 - 60.13"/><ofType><semtype type="INTEGER"/></ofType></node><location begcolumn="9" begline="60" endcolumn="13" endline="60" loc="60.9 - 60.13"/><ofType><semtype type="VOID"/></ofType></node><location begcolumn="9" begline="59" endcolumn="13" endline="60" loc="59.9 - 60.13"/></node><location begcolumn="55" begline="58" endcolumn="7" endline="61" loc="58.55 - 61.7"/><ofType><semtype type="VOID"/></ofType></node><location begcolumn="55" begline="58" endcolumn="7" endline="61" loc="58.55 - 61.7"/><ofType><semtype type="VOID"/></ofType></node><location begcolumn="7" begline="58" endcolumn="7" endline="61" loc="58.7 - 61.7"/><ofType><semtype type="VOID"/></ofType></node><node id="242" label="ExprStmt"><node id="241" label="AtomExpr" lexeme="none" spec="VOID"><location begcolumn="7" begline="62" endcolumn="10" endline="62" loc="62.7 - 62.10"/><ofType><semtype type="VOID"/></ofType></node><location begcolumn="7" begline="62" endcolumn="10" endline="62" loc="62.7 - 62.10"/><ofType><semtype type="VOID"/></ofType></node><location begcolumn="7" begline="57" endcolumn="10" endline="62" loc="57.7 - 62.10"/></node><location begcolumn="5" begline="56" endcolumn="5" endline="63" loc="56.5 - 63.5"/><ofType><semtype type="VOID"/></ofType></node><node id="247" label="{Decls}"><node id="246" label="VarDecl" lexeme="i"><node id="245" label="AtomType" spec="INTEGER"><location begcolumn="13" begline="66" endcolumn="19" endline="66" loc="66.13 - 66.19"/><isType><semtype type="INTEGER"/></isType></node><location begcolumn="7" begline="66" endcolumn="19" endline="66" loc="66.7 - 66.19"/><access offset="-8" size="8"/></node><location begcolumn="7" begline="66" endcolumn="19" endline="66" loc="66.7 - 66.19"/></node><location begcolumn="5" begline="56" endcolumn="5" endline="67" loc="56.5 - 67.5"/><ofType><semtype type="VOID"/></ofType></node><location begcolumn="1" begline="55" endcolumn="5" endline="67" loc="55.1 - 67.5"/><frame FP="T12" RV="T13" argssize="16" depth="0" label="_putString" locssize="8" size="40"/></node><node id="294" label="FunDecl" lexeme="main"><node id="251" label="AtomType" spec="INTEGER"><location begcolumn="12" begline="71" endcolumn="18" endline="71" loc="71.12 - 71.18"/><isType><semtype type="INTEGER"/></isType></node><node id="293" label="WhereExpr"><node id="285" label="StmtExpr"><node id="284" label="{Stmts}"><node id="254" label="AssignStmt"><node id="252" label="NameExpr" lexeme="n"><location begcolumn="7" begline="73" endcolumn="7" endline="73" loc="73.7 - 73.7"/><declaredAt idx="287" location="112.7 - 112.19"/><ofType><semtype type="INTEGER"/></ofType><lvalue/></node><node id="253" label="AtomExpr" lexeme="5" spec="INTEGER"><location begcolumn="9" begline="73" endcolumn="9" endline="73" loc="73.9 - 73.9"/><ofType><semtype type="INTEGER"/></ofType></node><location begcolumn="7" begline="73" endcolumn="9" endline="73" loc="73.7 - 73.9"/><ofType><semtype type="VOID"/></ofType></node><node id="281" label="ExprStmt"><node id="280" label="WhereExpr"><node id="276" label="StmtExpr"><node id="275" label="{Stmts}"><node id="257" label="AssignStmt"><node id="255" label="NameExpr" lexeme="i"><location begcolumn="9" begline="80" endcolumn="9" endline="80" loc="80.9 - 80.9"/><declaredAt idx="278" location="106.17 - 106.29"/><ofType><semtype type="INTEGER"/></ofType><lvalue/></node><node id="256" label="AtomExpr" lexeme="0" spec="INTEGER"><location begcolumn="11" begline="80" endcolumn="11" endline="80" loc="80.11 - 80.11"/><ofType><semtype type="INTEGER"/></ofType></node><location begcolumn="9" begline="80" endcolumn="11" endline="80" loc="80.9 - 80.11"/><ofType><semtype type="VOID"/></ofType></node><node id="274" label="WhileStmt"><node id="260" label="BinExpr" spec="LTH"><node id="258" label="NameExpr" lexeme="i"><location begcolumn="15" begline="81" endcolumn="15" endline="81" loc="81.15 - 81.15"/><declaredAt idx="278" location="106.17 - 106.29"/><ofType><semtype type="INTEGER"/></ofType><lvalue/></node><node id="259" label="NameExpr" lexeme="n"><location begcolumn="17" begline="81" endcolumn="17" endline="81" loc="81.17 - 81.17"/><declaredAt idx="287" location="112.7 - 112.19"/><ofType><semtype type="INTEGER"/></ofType><lvalue/></node><location begcolumn="15" begline="81" endcolumn="17" endline="81" loc="81.15 - 81.17"/><ofType><semtype type="BOOLEAN"/></ofType></node><node id="273" label="ExprStmt"><node id="272" label="StmtExpr"><node id="271" label="{Stmts}"><node id="265" label="AssignStmt"><node id="263" label="ArrExpr"><node id="261" label="NameExpr" lexeme="ns"><location begcolumn="11" begline="85" endcolumn="12" endline="85" loc="85.11 - 85.12"/><declaredAt idx="291" location="113.7 - 113.24"/><ofType><semtype type="ARRAY[32]"><semtype type="INTEGER"/></semtype></ofType><lvalue/></node><node id="262" label="NameExpr" lexeme="i"><location begcolumn="14" begline="85" endcolumn="14" endline="85" loc="85.14 - 85.14"/><declaredAt idx="278" location="106.17 - 106.29"/><ofType><semtype type="INTEGER"/></ofType><lvalue/></node><location begcolumn="11" begline="85" endcolumn="15" endline="85" loc="85.11 - 85.15"/><ofType><semtype type="INTEGER"/></ofType><lvalue/></node><node id="264" label="NameExpr" lexeme="i"><location begcolumn="17" begline="85" endcolumn="17" endline="85" loc="85.17 - 85.17"/><declaredAt idx="278" location="106.17 - 106.29"/><ofType><semtype type="INTEGER"/></ofType><lvalue/></node><location begcolumn="11" begline="85" endcolumn="17" endline="85" loc="85.11 - 85.17"/><ofType><semtype type="VOID"/></ofType></node><node id="270" label="AssignStmt"><node id="266" label="NameExpr" lexeme="i"><location begcolumn="11" begline="95" endcolumn="11" endline="95" loc="95.11 - 95.11"/><declaredAt idx="278" location="106.17 - 106.29"/><ofType><semtype type="INTEGER"/></ofType><lvalue/></node><node id="269" label="BinExpr" spec="ADD"><node id="267" label="NameExpr" lexeme="i"><location begcolumn="13" begline="95" endcolumn="13" endline="95" loc="95.13 - 95.13"/><declaredAt idx="278" location="106.17 - 106.29"/><ofType><semtype type="INTEGER"/></ofType><lvalue/></node><node id="268" label="AtomExpr" lexeme="1" spec="INTEGER"><location begcolumn="15" begline="95" endcolumn="15" endline="95" loc="95.15 - 95.15"/><ofType><semtype type="INTEGER"/></ofType></node><location begcolumn="13" begline="95" endcolumn="15" endline="95" loc="95.13 - 95.15"/><ofType><semtype type="INTEGER"/></ofType></node><location begcolumn="11" begline="95" endcolumn="15" endline="95" loc="95.11 - 95.15"/><ofType><semtype type="VOID"/></ofType></node><location begcolumn="11" begline="85" endcolumn="15" endline="95" loc="85.11 - 95.15"/></node><location begcolumn="22" begline="81" endcolumn="9" endline="96" loc="81.22 - 96.9"/><ofType><semtype type="VOID"/></ofType></node><location begcolumn="22" begline="81" endcolumn="9" endline="96" loc="81.22 - 96.9"/><ofType><semtype type="VOID"/></ofType></node><location begcolumn="9" begline="81" endcolumn="9" endline="96" loc="81.9 - 96.9"/><ofType><semtype type="VOID"/></ofType></node><location begcolumn="9" begline="80" endcolumn="9" endline="96" loc="80.9 - 96.9"/></node><location begcolumn="7" begline="74" endcolumn="7" endline="106" loc="74.7 - 106.7"/><ofType><semtype type="VOID"/></ofType></node><node id="279" label="{Decls}"><node id="278" label="VarDecl" lexeme="i"><node id="277" label="AtomType" spec="INTEGER"><location begcolumn="23" begline="106" endcolumn="29" endline="106" loc="106.23 - 106.29"/><isType><semtype type="INTEGER"/></isType></node><location begcolumn="17" begline="106" endcolumn="29" endline="106" loc="106.17 - 106.29"/><access offset="-8" size="8"/></node><location begcolumn="17" begline="106" endcolumn="29" endline="106" loc="106.17 - 106.29"/></node><location begcolumn="7" begline="74" endcolumn="31" endline="106" loc="74.7 - 106.31"/><ofType><semtype type="VOID"/></ofType></node><location begcolumn="7" begline="74" endcolumn="31" endline="106" loc="74.7 - 106.31"/><ofType><semtype type="VOID"/></ofType></node><node id="283" label="ExprStmt"><node id="282" label="AtomExpr" lexeme="0" spec="INTEGER"><location begcolumn="7" begline="108" endcolumn="7" endline="108" loc="108.7 - 108.7"/><ofType><semtype type="INTEGER"/></ofType></node><location begcolumn="7" begline="108" endcolumn="7" endline="108" loc="108.7 - 108.7"/><ofType><semtype type="INTEGER"/></ofType></node><location begcolumn="7" begline="73" endcolumn="7" endline="108" loc="73.7 - 108.7"/></node><location begcolumn="5" begline="72" endcolumn="5" endline="109" loc="72.5 - 109.5"/><ofType><semtype type="INTEGER"/></ofType></node><node id="292" label="{Decls}"><node id="287" label="VarDecl" lexeme="n"><node id="286" label="AtomType" spec="INTEGER"><location begcolumn="13" begline="112" endcolumn="19" endline="112" loc="112.13 - 112.19"/><isType><semtype type="INTEGER"/></isType></node><location begcolumn="7" begline="112" endcolumn="19" endline="112" loc="112.7 - 112.19"/><access offset="-16" size="8"/></node><node id="291" label="VarDecl" lexeme="ns"><node id="290" label="ArrType"><node id="288" label="AtomType" spec="INTEGER"><location begcolumn="14" begline="113" endcolumn="20" endline="113" loc="113.14 - 113.20"/><isType><semtype type="INTEGER"/></isType></node><node id="289" label="AtomExpr" lexeme="32" spec="INTEGER"><location begcolumn="22" begline="113" endcolumn="23" endline="113" loc="113.22 - 113.23"/><ofType><semtype type="INTEGER"/></ofType></node><location begcolumn="14" begline="113" endcolumn="24" endline="113" loc="113.14 - 113.24"/><isType><semtype type="ARRAY[32]"><semtype type="INTEGER"/></semtype></isType></node><location begcolumn="7" begline="113" endcolumn="24" endline="113" loc="113.7 - 113.24"/><access offset="-24" size="256"/></node><location begcolumn="7" begline="112" endcolumn="24" endline="113" loc="112.7 - 113.24"/></node><location begcolumn="5" begline="72" endcolumn="5" endline="114" loc="72.5 - 114.5"/><ofType><semtype type="INTEGER"/></ofType></node><location begcolumn="1" begline="71" endcolumn="5" endline="114" loc="71.1 - 114.5"/><frame FP="T14" RV="T15" argssize="0" depth="0" label="_main" locssize="272" size="288"/></node><location begcolumn="1" begline="13" endcolumn="5" endline="114" loc="13.1 - 114.5"/></node></memory>