<?xml version="1.0" encoding="UTF-8" standalone="no"?><?xml-stylesheet type="text/xsl" href="../lib/xsl/imclin.xsl"?><imclin><codechunk entrylabel="L31" exitlabel="L32"><frame FP="T0" RV="T1" argssize="0" depth="0" label="_exit" locssize="0" size="16"/><stmt><imc instruction="LABEL(L31)"/></stmt><stmt><imc instruction="MOVE"><imc instruction="TEMP(16)"/><imc instruction="CONST(0)"/></imc></stmt><stmt><imc instruction="MOVE"><imc instruction="TEMP(1)"/><imc instruction="TEMP(16)"/></imc></stmt><stmt><imc instruction="JUMP(L32)"/></stmt></codechunk><codechunk entrylabel="L33" exitlabel="L34"><frame FP="T2" RV="T3" argssize="0" depth="0" label="_putChar" locssize="0" size="16"/><stmt><imc instruction="LABEL(L33)"/></stmt><stmt><imc instruction="MOVE"><imc instruction="TEMP(17)"/><imc instruction="CONST(0)"/></imc></stmt><stmt><imc instruction="MOVE"><imc instruction="TEMP(3)"/><imc instruction="TEMP(17)"/></imc></stmt><stmt><imc instruction="JUMP(L34)"/></stmt></codechunk><codechunk entrylabel="L35" exitlabel="L36"><frame FP="T4" RV="T5" argssize="0" depth="0" label="_getChar" locssize="0" size="16"/><stmt><imc instruction="LABEL(L35)"/></stmt><stmt><imc instruction="MOVE"><imc instruction="TEMP(18)"/><imc instruction="CONST(0)"/></imc></stmt><stmt><imc instruction="MOVE"><imc instruction="TEMP(19)"/><imc instruction="CONST(256)"/></imc></stmt><stmt><imc instruction="MOVE"><imc instruction="TEMP(20)"/><imc instruction="BINOP(MOD)"><imc instruction="TEMP(18)"/><imc instruction="TEMP(19)"/></imc></imc></stmt><stmt><imc instruction="MOVE"><imc instruction="TEMP(5)"/><imc instruction="TEMP(20)"/></imc></stmt><stmt><imc instruction="JUMP(L36)"/></stmt></codechunk><codechunk entrylabel="L37" exitlabel="L38"><frame FP="T6" RV="T7" argssize="16" depth="1" label="L0" locssize="0" size="32"/><stmt><imc instruction="LABEL(L37)"/></stmt><stmt><imc instruction="MOVE"><imc instruction="TEMP(21)"/><imc instruction="TEMP(6)"/></imc></stmt><stmt><imc instruction="MOVE"><imc instruction="TEMP(22)"/><imc instruction="CONST(8)"/></imc></stmt><stmt><imc instruction="MOVE"><imc instruction="TEMP(23)"/><imc instruction="MEM"><imc instruction="BINOP(ADD)"><imc instruction="TEMP(21)"/><imc instruction="TEMP(22)"/></imc></imc></imc></stmt><stmt><imc instruction="MOVE"><imc instruction="TEMP(24)"/><imc instruction="CONST(0)"/></imc></stmt><stmt><imc instruction="CJUMP(L7,L8)"><imc instruction="BINOP(EQU)"><imc instruction="TEMP(23)"/><imc instruction="TEMP(24)"/></imc></imc></stmt><stmt><imc instruction="LABEL(L7)"/></stmt><stmt><imc instruction="ESTMT"><imc instruction="CONST(0)"/></imc></stmt><stmt><imc instruction="JUMP(L9)"/></stmt><stmt><imc instruction="LABEL(L8)"/></stmt><stmt><imc instruction="MOVE"><imc instruction="TEMP(25)"/><imc instruction="TEMP(6)"/></imc></stmt><stmt><imc instruction="MOVE"><imc instruction="TEMP(26)"/><imc instruction="CONST(8)"/></imc></stmt><stmt><imc instruction="MOVE"><imc instruction="TEMP(27)"/><imc instruction="MEM"><imc instruction="BINOP(ADD)"><imc instruction="TEMP(25)"/><imc instruction="TEMP(26)"/></imc></imc></imc></stmt><stmt><imc instruction="MOVE"><imc instruction="TEMP(28)"/><imc instruction="CONST(10)"/></imc></stmt><stmt><imc instruction="ESTMT"><imc instruction="CALL(L0)"><imc instruction="MEM"><imc instruction="TEMP(6)"/></imc><imc instruction="BINOP(DIV)"><imc instruction="TEMP(27)"/><imc instruction="TEMP(28)"/></imc></imc></imc></stmt><stmt><imc instruction="MOVE"><imc instruction="TEMP(29)"/><imc instruction="MEM"><imc instruction="MEM"><imc instruction="TEMP(6)"/></imc></imc></imc></stmt><stmt><imc instruction="MOVE"><imc instruction="TEMP(30)"/><imc instruction="TEMP(6)"/></imc></stmt><stmt><imc instruction="MOVE"><imc instruction="TEMP(31)"/><imc instruction="CONST(8)"/></imc></stmt><stmt><imc instruction="MOVE"><imc instruction="TEMP(32)"/><imc instruction="MEM"><imc instruction="BINOP(ADD)"><imc instruction="TEMP(30)"/><imc instruction="TEMP(31)"/></imc></imc></imc></stmt><stmt><imc instruction="MOVE"><imc instruction="TEMP(33)"/><imc instruction="CONST(10)"/></imc></stmt><stmt><imc instruction="MOVE"><imc instruction="TEMP(34)"/><imc instruction="BINOP(MOD)"><imc instruction="TEMP(32)"/><imc instruction="TEMP(33)"/></imc></imc></stmt><stmt><imc instruction="MOVE"><imc instruction="TEMP(35)"/><imc instruction="CONST(48)"/></imc></stmt><stmt><imc instruction="MOVE"><imc instruction="TEMP(36)"/><imc instruction="BINOP(ADD)"><imc instruction="TEMP(34)"/><imc instruction="TEMP(35)"/></imc></imc></stmt><stmt><imc instruction="MOVE"><imc instruction="TEMP(37)"/><imc instruction="CONST(256)"/></imc></stmt><stmt><imc instruction="MOVE"><imc instruction="TEMP(38)"/><imc instruction="BINOP(MOD)"><imc instruction="TEMP(36)"/><imc instruction="TEMP(37)"/></imc></imc></stmt><stmt><imc instruction="MOVE"><imc instruction="TEMP(39)"/><imc instruction="CALL(_putChar)"><imc instruction="TEMP(29)"/><imc instruction="TEMP(38)"/></imc></imc></stmt><stmt><imc instruction="ESTMT"><imc instruction="TEMP(39)"/></imc></stmt><stmt><imc instruction="LABEL(L9)"/></stmt><stmt><imc instruction="MOVE"><imc instruction="TEMP(40)"/><imc instruction="CONST(0)"/></imc></stmt><stmt><imc instruction="MOVE"><imc instruction="TEMP(7)"/><imc instruction="TEMP(40)"/></imc></stmt><stmt><imc instruction="JUMP(L38)"/></stmt></codechunk><codechunk entrylabel="L39" exitlabel="L40"><frame FP="T8" RV="T9" argssize="16" depth="0" label="_putInteger" locssize="0" size="32"/><stmt><imc instruction="LABEL(L39)"/></stmt><stmt><imc instruction="MOVE"><imc instruction="TEMP(41)"/><imc instruction="TEMP(8)"/></imc></stmt><stmt><imc instruction="MOVE"><imc instruction="TEMP(42)"/><imc instruction="CONST(8)"/></imc></stmt><stmt><imc instruction="MOVE"><imc instruction="TEMP(43)"/><imc instruction="MEM"><imc instruction="BINOP(ADD)"><imc instruction="TEMP(41)"/><imc instruction="TEMP(42)"/></imc></imc></imc></stmt><stmt><imc instruction="MOVE"><imc instruction="TEMP(44)"/><imc instruction="CONST(0)"/></imc></stmt><stmt><imc instruction="CJUMP(L1,L2)"><imc instruction="BINOP(LTH)"><imc instruction="TEMP(43)"/><imc instruction="TEMP(44)"/></imc></imc></stmt><stmt><imc instruction="LABEL(L1)"/></stmt><stmt><imc instruction="ESTMT"><imc instruction="CALL(_putChar)"><imc instruction="MEM"><imc instruction="TEMP(8)"/></imc><imc instruction="CONST(45)"/></imc></imc></stmt><stmt><imc instruction="MOVE"><imc instruction="TEMP(45)"/><imc instruction="TEMP(8)"/></imc></stmt><stmt><imc instruction="MOVE"><imc instruction="TEMP(46)"/><imc instruction="CONST(8)"/></imc></stmt><stmt><imc instruction="MOVE"><imc instruction="TEMP(47)"/><imc instruction="BINOP(ADD)"><imc instruction="TEMP(45)"/><imc instruction="TEMP(46)"/></imc></imc></stmt><stmt><imc instruction="MOVE"><imc instruction="TEMP(48)"/><imc instruction="TEMP(8)"/></imc></stmt><stmt><imc instruction="MOVE"><imc instruction="TEMP(49)"/><imc instruction="CONST(8)"/></imc></stmt><stmt><imc instruction="MOVE"><imc instruction="TEMP(50)"/><imc instruction="UNOP(NEG)"><imc instruction="MEM"><imc instruction="BINOP(ADD)"><imc instruction="TEMP(48)"/><imc instruction="TEMP(49)"/></imc></imc></imc></imc></stmt><stmt><imc instruction="MOVE"><imc instruction="MEM"><imc instruction="TEMP(47)"/></imc><imc instruction="TEMP(50)"/></imc></stmt><stmt><imc instruction="ESTMT"><imc instruction="CONST(0)"/></imc></stmt><stmt><imc instruction="JUMP(L3)"/></stmt><stmt><imc instruction="LABEL(L2)"/></stmt><stmt><imc instruction="ESTMT"><imc instruction="CONST(0)"/></imc></stmt><stmt><imc instruction="LABEL(L3)"/></stmt><stmt><imc instruction="MOVE"><imc instruction="TEMP(51)"/><imc instruction="TEMP(8)"/></imc></stmt><stmt><imc instruction="MOVE"><imc instruction="TEMP(52)"/><imc instruction="CONST(8)"/></imc></stmt><stmt><imc instruction="MOVE"><imc instruction="TEMP(53)"/><imc instruction="MEM"><imc instruction="BINOP(ADD)"><imc instruction="TEMP(51)"/><imc instruction="TEMP(52)"/></imc></imc></imc></stmt><stmt><imc instruction="MOVE"><imc instruction="TEMP(54)"/><imc instruction="CONST(0)"/></imc></stmt><stmt><imc instruction="CJUMP(L4,L5)"><imc instruction="BINOP(EQU)"><imc instruction="TEMP(53)"/><imc instruction="TEMP(54)"/></imc></imc></stmt><stmt><imc instruction="LABEL(L4)"/></stmt><stmt><imc instruction="ESTMT"><imc instruction="CALL(_putChar)"><imc instruction="MEM"><imc instruction="TEMP(8)"/></imc><imc instruction="CONST(48)"/></imc></imc></stmt><stmt><imc instruction="JUMP(L6)"/></stmt><stmt><imc instruction="LABEL(L5)"/></stmt><stmt><imc instruction="MOVE"><imc instruction="TEMP(55)"/><imc instruction="TEMP(8)"/></imc></stmt><stmt><imc instruction="MOVE"><imc instruction="TEMP(56)"/><imc instruction="CONST(8)"/></imc></stmt><stmt><imc instruction="ESTMT"><imc instruction="CALL(L0)"><imc instruction="TEMP(8)"/><imc instruction="MEM"><imc instruction="BINOP(ADD)"><imc instruction="TEMP(55)"/><imc instruction="TEMP(56)"/></imc></imc></imc></imc></stmt><stmt><imc instruction="LABEL(L6)"/></stmt><stmt><imc instruction="MOVE"><imc instruction="TEMP(57)"/><imc instruction="CONST(0)"/></imc></stmt><stmt><imc instruction="MOVE"><imc instruction="TEMP(9)"/><imc instruction="TEMP(57)"/></imc></stmt><stmt><imc instruction="JUMP(L40)"/></stmt></codechunk><codechunk entrylabel="L41" exitlabel="L42"><frame FP="T10" RV="T11" argssize="8" depth="0" label="_getInteger" locssize="24" size="48"/><stmt><imc instruction="LABEL(L41)"/></stmt><stmt><imc instruction="MOVE"><imc instruction="TEMP(58)"/><imc instruction="TEMP(10)"/></imc></stmt><stmt><imc instruction="MOVE"><imc instruction="TEMP(59)"/><imc instruction="CONST(-8)"/></imc></stmt><stmt><imc instruction="MOVE"><imc instruction="TEMP(60)"/><imc instruction="BINOP(ADD)"><imc instruction="TEMP(58)"/><imc instruction="TEMP(59)"/></imc></imc></stmt><stmt><imc instruction="MOVE"><imc instruction="TEMP(61)"/><imc instruction="CONST(1)"/></imc></stmt><stmt><imc instruction="MOVE"><imc instruction="MEM"><imc instruction="TEMP(60)"/></imc><imc instruction="TEMP(61)"/></imc></stmt><stmt><imc instruction="MOVE"><imc instruction="TEMP(62)"/><imc instruction="TEMP(10)"/></imc></stmt><stmt><imc instruction="MOVE"><imc instruction="TEMP(63)"/><imc instruction="CONST(-16)"/></imc></stmt><stmt><imc instruction="MOVE"><imc instruction="TEMP(64)"/><imc instruction="BINOP(ADD)"><imc instruction="TEMP(62)"/><imc instruction="TEMP(63)"/></imc></imc></stmt><stmt><imc instruction="MOVE"><imc instruction="TEMP(65)"/><imc instruction="CONST(0)"/></imc></stmt><stmt><imc instruction="MOVE"><imc instruction="MEM"><imc instruction="TEMP(64)"/></imc><imc instruction="TEMP(65)"/></imc></stmt><stmt><imc instruction="MOVE"><imc instruction="TEMP(66)"/><imc instruction="TEMP(10)"/></imc></stmt><stmt><imc instruction="MOVE"><imc instruction="TEMP(67)"/><imc instruction="CONST(-24)"/></imc></stmt><stmt><imc instruction="MOVE"><imc instruction="TEMP(68)"/><imc instruction="BINOP(ADD)"><imc instruction="TEMP(66)"/><imc instruction="TEMP(67)"/></imc></imc></stmt><stmt><imc instruction="MOVE"><imc instruction="TEMP(69)"/><imc instruction="MEM"><imc instruction="TEMP(10)"/></imc></imc></stmt><stmt><imc instruction="MOVE"><imc instruction="TEMP(70)"/><imc instruction="CALL(_getChar)"><imc instruction="TEMP(69)"/></imc></imc></stmt><stmt><imc instruction="MOVE"><imc instruction="TEMP(71)"/><imc instruction="TEMP(70)"/></imc></stmt><stmt><imc instruction="MOVE"><imc instruction="MEM"><imc instruction="TEMP(68)"/></imc><imc instruction="TEMP(71)"/></imc></stmt><stmt><imc instruction="MOVE"><imc instruction="TEMP(72)"/><imc instruction="TEMP(10)"/></imc></stmt><stmt><imc instruction="MOVE"><imc instruction="TEMP(73)"/><imc instruction="CONST(-24)"/></imc></stmt><stmt><imc instruction="MOVE"><imc instruction="TEMP(74)"/><imc instruction="MEM"><imc instruction="BINOP(ADD)"><imc instruction="TEMP(72)"/><imc instruction="TEMP(73)"/></imc></imc></imc></stmt><stmt><imc instruction="MOVE"><imc instruction="TEMP(75)"/><imc instruction="CONST(43)"/></imc></stmt><stmt><imc instruction="CJUMP(L16,L17)"><imc instruction="BINOP(EQU)"><imc instruction="TEMP(74)"/><imc instruction="TEMP(75)"/></imc></imc></stmt><stmt><imc instruction="LABEL(L16)"/></stmt><stmt><imc instruction="MOVE"><imc instruction="TEMP(76)"/><imc instruction="TEMP(10)"/></imc></stmt><stmt><imc instruction="MOVE"><imc instruction="TEMP(77)"/><imc instruction="CONST(-8)"/></imc></stmt><stmt><imc instruction="MOVE"><imc instruction="TEMP(78)"/><imc instruction="BINOP(ADD)"><imc instruction="TEMP(76)"/><imc instruction="TEMP(77)"/></imc></imc></stmt><stmt><imc instruction="MOVE"><imc instruction="TEMP(79)"/><imc instruction="CONST(1)"/></imc></stmt><stmt><imc instruction="MOVE"><imc instruction="MEM"><imc instruction="TEMP(78)"/></imc><imc instruction="TEMP(79)"/></imc></stmt><stmt><imc instruction="MOVE"><imc instruction="TEMP(80)"/><imc instruction="TEMP(10)"/></imc></stmt><stmt><imc instruction="MOVE"><imc instruction="TEMP(81)"/><imc instruction="CONST(-24)"/></imc></stmt><stmt><imc instruction="MOVE"><imc instruction="TEMP(82)"/><imc instruction="BINOP(ADD)"><imc instruction="TEMP(80)"/><imc instruction="TEMP(81)"/></imc></imc></stmt><stmt><imc instruction="MOVE"><imc instruction="TEMP(83)"/><imc instruction="CONST(48)"/></imc></stmt><stmt><imc instruction="MOVE"><imc instruction="MEM"><imc instruction="TEMP(82)"/></imc><imc instruction="TEMP(83)"/></imc></stmt><stmt><imc instruction="ESTMT"><imc instruction="CONST(0)"/></imc></stmt><stmt><imc instruction="JUMP(L18)"/></stmt><stmt><imc instruction="LABEL(L17)"/></stmt><stmt><imc instruction="MOVE"><imc instruction="TEMP(84)"/><imc instruction="TEMP(10)"/></imc></stmt><stmt><imc instruction="MOVE"><imc instruction="TEMP(85)"/><imc instruction="CONST(-24)"/></imc></stmt><stmt><imc instruction="MOVE"><imc instruction="TEMP(86)"/><imc instruction="MEM"><imc instruction="BINOP(ADD)"><imc instruction="TEMP(84)"/><imc instruction="TEMP(85)"/></imc></imc></imc></stmt><stmt><imc instruction="MOVE"><imc instruction="TEMP(87)"/><imc instruction="CONST(45)"/></imc></stmt><stmt><imc instruction="CJUMP(L13,L14)"><imc instruction="BINOP(EQU)"><imc instruction="TEMP(86)"/><imc instruction="TEMP(87)"/></imc></imc></stmt><stmt><imc instruction="LABEL(L13)"/></stmt><stmt><imc instruction="MOVE"><imc instruction="TEMP(88)"/><imc instruction="TEMP(10)"/></imc></stmt><stmt><imc instruction="MOVE"><imc instruction="TEMP(89)"/><imc instruction="CONST(-8)"/></imc></stmt><stmt><imc instruction="MOVE"><imc instruction="TEMP(90)"/><imc instruction="BINOP(ADD)"><imc instruction="TEMP(88)"/><imc instruction="TEMP(89)"/></imc></imc></stmt><stmt><imc instruction="MOVE"><imc instruction="TEMP(91)"/><imc instruction="UNOP(NEG)"><imc instruction="CONST(1)"/></imc></imc></stmt><stmt><imc instruction="MOVE"><imc instruction="MEM"><imc instruction="TEMP(90)"/></imc><imc instruction="TEMP(91)"/></imc></stmt><stmt><imc instruction="MOVE"><imc instruction="TEMP(92)"/><imc instruction="TEMP(10)"/></imc></stmt><stmt><imc instruction="MOVE"><imc instruction="TEMP(93)"/><imc instruction="CONST(-24)"/></imc></stmt><stmt><imc instruction="MOVE"><imc instruction="TEMP(94)"/><imc instruction="BINOP(ADD)"><imc instruction="TEMP(92)"/><imc instruction="TEMP(93)"/></imc></imc></stmt><stmt><imc instruction="MOVE"><imc instruction="TEMP(95)"/><imc instruction="CONST(48)"/></imc></stmt><stmt><imc instruction="MOVE"><imc instruction="MEM"><imc instruction="TEMP(94)"/></imc><imc instruction="TEMP(95)"/></imc></stmt><stmt><imc instruction="ESTMT"><imc instruction="CONST(0)"/></imc></stmt><stmt><imc instruction="JUMP(L15)"/></stmt><stmt><imc instruction="LABEL(L14)"/></stmt><stmt><imc instruction="MOVE"><imc instruction="TEMP(96)"/><imc instruction="TEMP(10)"/></imc></stmt><stmt><imc instruction="MOVE"><imc instruction="TEMP(97)"/><imc instruction="CONST(-24)"/></imc></stmt><stmt><imc instruction="MOVE"><imc instruction="TEMP(98)"/><imc instruction="MEM"><imc instruction="BINOP(ADD)"><imc instruction="TEMP(96)"/><imc instruction="TEMP(97)"/></imc></imc></imc></stmt><stmt><imc instruction="MOVE"><imc instruction="TEMP(99)"/><imc instruction="CONST(48)"/></imc></stmt><stmt><imc instruction="MOVE"><imc instruction="TEMP(100)"/><imc instruction="BINOP(LTH)"><imc instruction="TEMP(98)"/><imc instruction="TEMP(99)"/></imc></imc></stmt><stmt><imc instruction="MOVE"><imc instruction="TEMP(101)"/><imc instruction="TEMP(10)"/></imc></stmt><stmt><imc instruction="MOVE"><imc instruction="TEMP(102)"/><imc instruction="CONST(-24)"/></imc></stmt><stmt><imc instruction="MOVE"><imc instruction="TEMP(103)"/><imc instruction="MEM"><imc instruction="BINOP(ADD)"><imc instruction="TEMP(101)"/><imc instruction="TEMP(102)"/></imc></imc></imc></stmt><stmt><imc instruction="MOVE"><imc instruction="TEMP(104)"/><imc instruction="CONST(57)"/></imc></stmt><stmt><imc instruction="MOVE"><imc instruction="TEMP(105)"/><imc instruction="BINOP(GTH)"><imc instruction="TEMP(103)"/><imc instruction="TEMP(104)"/></imc></imc></stmt><stmt><imc instruction="CJUMP(L10,L11)"><imc instruction="BINOP(OR)"><imc instruction="TEMP(100)"/><imc instruction="TEMP(105)"/></imc></imc></stmt><stmt><imc instruction="LABEL(L10)"/></stmt><stmt><imc instruction="ESTMT"><imc instruction="CALL(_exit)"><imc instruction="MEM"><imc instruction="TEMP(10)"/></imc></imc></imc></stmt><stmt><imc instruction="JUMP(L12)"/></stmt><stmt><imc instruction="LABEL(L11)"/></stmt><stmt><imc instruction="ESTMT"><imc instruction="CONST(0)"/></imc></stmt><stmt><imc instruction="LABEL(L12)"/></stmt><stmt><imc instruction="LABEL(L15)"/></stmt><stmt><imc instruction="LABEL(L18)"/></stmt><stmt><imc instruction="LABEL(L19)"/></stmt><stmt><imc instruction="MOVE"><imc instruction="TEMP(106)"/><imc instruction="CONST(48)"/></imc></stmt><stmt><imc instruction="MOVE"><imc instruction="TEMP(107)"/><imc instruction="TEMP(10)"/></imc></stmt><stmt><imc instruction="MOVE"><imc instruction="TEMP(108)"/><imc instruction="CONST(-24)"/></imc></stmt><stmt><imc instruction="MOVE"><imc instruction="TEMP(109)"/><imc instruction="MEM"><imc instruction="BINOP(ADD)"><imc instruction="TEMP(107)"/><imc instruction="TEMP(108)"/></imc></imc></imc></stmt><stmt><imc instruction="MOVE"><imc instruction="TEMP(110)"/><imc instruction="BINOP(LEQ)"><imc instruction="TEMP(106)"/><imc instruction="TEMP(109)"/></imc></imc></stmt><stmt><imc instruction="MOVE"><imc instruction="TEMP(111)"/><imc instruction="TEMP(10)"/></imc></stmt><stmt><imc instruction="MOVE"><imc instruction="TEMP(112)"/><imc instruction="CONST(-24)"/></imc></stmt><stmt><imc instruction="MOVE"><imc instruction="TEMP(113)"/><imc instruction="MEM"><imc instruction="BINOP(ADD)"><imc instruction="TEMP(111)"/><imc instruction="TEMP(112)"/></imc></imc></imc></stmt><stmt><imc instruction="MOVE"><imc instruction="TEMP(114)"/><imc instruction="CONST(57)"/></imc></stmt><stmt><imc instruction="MOVE"><imc instruction="TEMP(115)"/><imc instruction="BINOP(LEQ)"><imc instruction="TEMP(113)"/><imc instruction="TEMP(114)"/></imc></imc></stmt><stmt><imc instruction="CJUMP(L20,L21)"><imc instruction="BINOP(AND)"><imc instruction="TEMP(110)"/><imc instruction="TEMP(115)"/></imc></imc></stmt><stmt><imc instruction="LABEL(L20)"/></stmt><stmt><imc instruction="MOVE"><imc instruction="TEMP(116)"/><imc instruction="TEMP(10)"/></imc></stmt><stmt><imc instruction="MOVE"><imc instruction="TEMP(117)"/><imc instruction="CONST(-16)"/></imc></stmt><stmt><imc instruction="MOVE"><imc instruction="TEMP(118)"/><imc instruction="BINOP(ADD)"><imc instruction="TEMP(116)"/><imc instruction="TEMP(117)"/></imc></imc></stmt><stmt><imc instruction="MOVE"><imc instruction="TEMP(119)"/><imc instruction="TEMP(10)"/></imc></stmt><stmt><imc instruction="MOVE"><imc instruction="TEMP(120)"/><imc instruction="CONST(-16)"/></imc></stmt><stmt><imc instruction="MOVE"><imc instruction="TEMP(121)"/><imc instruction="MEM"><imc instruction="BINOP(ADD)"><imc instruction="TEMP(119)"/><imc instruction="TEMP(120)"/></imc></imc></imc></stmt><stmt><imc instruction="MOVE"><imc instruction="TEMP(122)"/><imc instruction="CONST(10)"/></imc></stmt><stmt><imc instruction="MOVE"><imc instruction="TEMP(123)"/><imc instruction="BINOP(MUL)"><imc instruction="TEMP(121)"/><imc instruction="TEMP(122)"/></imc></imc></stmt><stmt><imc instruction="MOVE"><imc instruction="TEMP(124)"/><imc instruction="TEMP(10)"/></imc></stmt><stmt><imc instruction="MOVE"><imc instruction="TEMP(125)"/><imc instruction="CONST(-24)"/></imc></stmt><stmt><imc instruction="MOVE"><imc instruction="TEMP(126)"/><imc instruction="MEM"><imc instruction="BINOP(ADD)"><imc instruction="TEMP(124)"/><imc instruction="TEMP(125)"/></imc></imc></imc></stmt><stmt><imc instruction="MOVE"><imc instruction="TEMP(127)"/><imc instruction="CONST(48)"/></imc></stmt><stmt><imc instruction="MOVE"><imc instruction="TEMP(128)"/><imc instruction="BINOP(SUB)"><imc instruction="TEMP(126)"/><imc instruction="TEMP(127)"/></imc></imc></stmt><stmt><imc instruction="MOVE"><imc instruction="TEMP(129)"/><imc instruction="BINOP(ADD)"><imc instruction="TEMP(123)"/><imc instruction="TEMP(128)"/></imc></imc></stmt><stmt><imc instruction="MOVE"><imc instruction="MEM"><imc instruction="TEMP(118)"/></imc><imc instruction="TEMP(129)"/></imc></stmt><stmt><imc instruction="MOVE"><imc instruction="TEMP(130)"/><imc instruction="TEMP(10)"/></imc></stmt><stmt><imc instruction="MOVE"><imc instruction="TEMP(131)"/><imc instruction="CONST(-24)"/></imc></stmt><stmt><imc instruction="MOVE"><imc instruction="TEMP(132)"/><imc instruction="BINOP(ADD)"><imc instruction="TEMP(130)"/><imc instruction="TEMP(131)"/></imc></imc></stmt><stmt><imc instruction="MOVE"><imc instruction="TEMP(133)"/><imc instruction="MEM"><imc instruction="TEMP(10)"/></imc></imc></stmt><stmt><imc instruction="MOVE"><imc instruction="TEMP(134)"/><imc instruction="CALL(_getChar)"><imc instruction="TEMP(133)"/></imc></imc></stmt><stmt><imc instruction="MOVE"><imc instruction="TEMP(135)"/><imc instruction="TEMP(134)"/></imc></stmt><stmt><imc instruction="MOVE"><imc instruction="MEM"><imc instruction="TEMP(132)"/></imc><imc instruction="TEMP(135)"/></imc></stmt><stmt><imc instruction="ESTMT"><imc instruction="CONST(0)"/></imc></stmt><stmt><imc instruction="JUMP(L19)"/></stmt><stmt><imc instruction="LABEL(L21)"/></stmt><stmt><imc instruction="MOVE"><imc instruction="TEMP(136)"/><imc instruction="TEMP(10)"/></imc></stmt><stmt><imc instruction="MOVE"><imc instruction="TEMP(137)"/><imc instruction="CONST(-24)"/></imc></stmt><stmt><imc instruction="MOVE"><imc instruction="TEMP(138)"/><imc instruction="MEM"><imc instruction="BINOP(ADD)"><imc instruction="TEMP(136)"/><imc instruction="TEMP(137)"/></imc></imc></imc></stmt><stmt><imc instruction="MOVE"><imc instruction="TEMP(139)"/><imc instruction="CONST(10)"/></imc></stmt><stmt><imc instruction="MOVE"><imc instruction="TEMP(140)"/><imc instruction="CONST(256)"/></imc></stmt><stmt><imc instruction="MOVE"><imc instruction="TEMP(141)"/><imc instruction="BINOP(MOD)"><imc instruction="TEMP(139)"/><imc instruction="TEMP(140)"/></imc></imc></stmt><stmt><imc instruction="CJUMP(L22,L23)"><imc instruction="BINOP(NEQ)"><imc instruction="TEMP(138)"/><imc instruction="TEMP(141)"/></imc></imc></stmt><stmt><imc instruction="LABEL(L22)"/></stmt><stmt><imc instruction="ESTMT"><imc instruction="CALL(_exit)"><imc instruction="MEM"><imc instruction="TEMP(10)"/></imc></imc></imc></stmt><stmt><imc instruction="JUMP(L24)"/></stmt><stmt><imc instruction="LABEL(L23)"/></stmt><stmt><imc instruction="ESTMT"><imc instruction="CONST(0)"/></imc></stmt><stmt><imc instruction="LABEL(L24)"/></stmt><stmt><imc instruction="MOVE"><imc instruction="TEMP(142)"/><imc instruction="TEMP(10)"/></imc></stmt><stmt><imc instruction="MOVE"><imc instruction="TEMP(143)"/><imc instruction="CONST(-8)"/></imc></stmt><stmt><imc instruction="MOVE"><imc instruction="TEMP(144)"/><imc instruction="MEM"><imc instruction="BINOP(ADD)"><imc instruction="TEMP(142)"/><imc instruction="TEMP(143)"/></imc></imc></imc></stmt><stmt><imc instruction="MOVE"><imc instruction="TEMP(145)"/><imc instruction="TEMP(10)"/></imc></stmt><stmt><imc instruction="MOVE"><imc instruction="TEMP(146)"/><imc instruction="CONST(-16)"/></imc></stmt><stmt><imc instruction="MOVE"><imc instruction="TEMP(147)"/><imc instruction="MEM"><imc instruction="BINOP(ADD)"><imc instruction="TEMP(145)"/><imc instruction="TEMP(146)"/></imc></imc></imc></stmt><stmt><imc instruction="MOVE"><imc instruction="TEMP(148)"/><imc instruction="BINOP(MUL)"><imc instruction="TEMP(144)"/><imc instruction="TEMP(147)"/></imc></imc></stmt><stmt><imc instruction="MOVE"><imc instruction="TEMP(11)"/><imc instruction="TEMP(148)"/></imc></stmt><stmt><imc instruction="JUMP(L42)"/></stmt></codechunk><codechunk entrylabel="L43" exitlabel="L44"><frame FP="T12" RV="T13" argssize="16" depth="0" label="_putString" locssize="8" size="40"/><stmt><imc instruction="LABEL(L43)"/></stmt><stmt><imc instruction="MOVE"><imc instruction="TEMP(149)"/><imc instruction="TEMP(12)"/></imc></stmt><stmt><imc instruction="MOVE"><imc instruction="TEMP(150)"/><imc instruction="CONST(-8)"/></imc></stmt><stmt><imc instruction="MOVE"><imc instruction="TEMP(151)"/><imc instruction="BINOP(ADD)"><imc instruction="TEMP(149)"/><imc instruction="TEMP(150)"/></imc></imc></stmt><stmt><imc instruction="MOVE"><imc instruction="TEMP(152)"/><imc instruction="CONST(0)"/></imc></stmt><stmt><imc instruction="MOVE"><imc instruction="MEM"><imc instruction="TEMP(151)"/></imc><imc instruction="TEMP(152)"/></imc></stmt><stmt><imc instruction="LABEL(L25)"/></stmt><stmt><imc instruction="MOVE"><imc instruction="TEMP(153)"/><imc instruction="TEMP(12)"/></imc></stmt><stmt><imc instruction="MOVE"><imc instruction="TEMP(154)"/><imc instruction="CONST(8)"/></imc></stmt><stmt><imc instruction="MOVE"><imc instruction="TEMP(155)"/><imc instruction="MEM"><imc instruction="BINOP(ADD)"><imc instruction="TEMP(153)"/><imc instruction="TEMP(154)"/></imc></imc></imc></stmt><stmt><imc instruction="MOVE"><imc instruction="TEMP(156)"/><imc instruction="TEMP(12)"/></imc></stmt><stmt><imc instruction="MOVE"><imc instruction="TEMP(157)"/><imc instruction="CONST(-8)"/></imc></stmt><stmt><imc instruction="MOVE"><imc instruction="TEMP(158)"/><imc instruction="MEM"><imc instruction="BINOP(ADD)"><imc instruction="TEMP(156)"/><imc instruction="TEMP(157)"/></imc></imc></imc></stmt><stmt><imc instruction="MOVE"><imc instruction="TEMP(159)"/><imc instruction="CONST(8)"/></imc></stmt><stmt><imc instruction="MOVE"><imc instruction="TEMP(160)"/><imc instruction="BINOP(MUL)"><imc instruction="TEMP(158)"/><imc instruction="TEMP(159)"/></imc></imc></stmt><stmt><imc instruction="MOVE"><imc instruction="TEMP(161)"/><imc instruction="MEM"><imc instruction="BINOP(ADD)"><imc instruction="TEMP(155)"/><imc instruction="TEMP(160)"/></imc></imc></imc></stmt><stmt><imc instruction="MOVE"><imc instruction="TEMP(162)"/><imc instruction="CONST(0)"/></imc></stmt><stmt><imc instruction="MOVE"><imc instruction="TEMP(163)"/><imc instruction="CONST(256)"/></imc></stmt><stmt><imc instruction="MOVE"><imc instruction="TEMP(164)"/><imc instruction="BINOP(MOD)"><imc instruction="TEMP(162)"/><imc instruction="TEMP(163)"/></imc></imc></stmt><stmt><imc instruction="CJUMP(L26,L27)"><imc instruction="BINOP(NEQ)"><imc instruction="TEMP(161)"/><imc instruction="TEMP(164)"/></imc></imc></stmt><stmt><imc instruction="LABEL(L26)"/></stmt><stmt><imc instruction="MOVE"><imc instruction="TEMP(165)"/><imc instruction="TEMP(12)"/></imc></stmt><stmt><imc instruction="MOVE"><imc instruction="TEMP(166)"/><imc instruction="CONST(8)"/></imc></stmt><stmt><imc instruction="MOVE"><imc instruction="TEMP(167)"/><imc instruction="MEM"><imc instruction="BINOP(ADD)"><imc instruction="TEMP(165)"/><imc instruction="TEMP(166)"/></imc></imc></imc></stmt><stmt><imc instruction="MOVE"><imc instruction="TEMP(168)"/><imc instruction="TEMP(12)"/></imc></stmt><stmt><imc instruction="MOVE"><imc instruction="TEMP(169)"/><imc instruction="CONST(-8)"/></imc></stmt><stmt><imc instruction="MOVE"><imc instruction="TEMP(170)"/><imc instruction="MEM"><imc instruction="BINOP(ADD)"><imc instruction="TEMP(168)"/><imc instruction="TEMP(169)"/></imc></imc></imc></stmt><stmt><imc instruction="MOVE"><imc instruction="TEMP(171)"/><imc instruction="CONST(8)"/></imc></stmt><stmt><imc instruction="MOVE"><imc instruction="TEMP(172)"/><imc instruction="BINOP(MUL)"><imc instruction="TEMP(170)"/><imc instruction="TEMP(171)"/></imc></imc></stmt><stmt><imc instruction="ESTMT"><imc instruction="CALL(_putChar)"><imc instruction="MEM"><imc instruction="TEMP(12)"/></imc><imc instruction="MEM"><imc instruction="BINOP(ADD)"><imc instruction="TEMP(167)"/><imc instruction="TEMP(172)"/></imc></imc></imc></imc></stmt><stmt><imc instruction="MOVE"><imc instruction="TEMP(173)"/><imc instruction="TEMP(12)"/></imc></stmt><stmt><imc instruction="MOVE"><imc instruction="TEMP(174)"/><imc instruction="CONST(-8)"/></imc></stmt><stmt><imc instruction="MOVE"><imc instruction="TEMP(175)"/><imc instruction="BINOP(ADD)"><imc instruction="TEMP(173)"/><imc instruction="TEMP(174)"/></imc></imc></stmt><stmt><imc instruction="MOVE"><imc instruction="TEMP(176)"/><imc instruction="TEMP(12)"/></imc></stmt><stmt><imc instruction="MOVE"><imc instruction="TEMP(177)"/><imc instruction="CONST(-8)"/></imc></stmt><stmt><imc instruction="MOVE"><imc instruction="TEMP(178)"/><imc instruction="MEM"><imc instruction="BINOP(ADD)"><imc instruction="TEMP(176)"/><imc instruction="TEMP(177)"/></imc></imc></imc></stmt><stmt><imc instruction="MOVE"><imc instruction="TEMP(179)"/><imc instruction="CONST(1)"/></imc></stmt><stmt><imc instruction="MOVE"><imc instruction="TEMP(180)"/><imc instruction="BINOP(ADD)"><imc instruction="TEMP(178)"/><imc instruction="TEMP(179)"/></imc></imc></stmt><stmt><imc instruction="MOVE"><imc instruction="MEM"><imc instruction="TEMP(175)"/></imc><imc instruction="TEMP(180)"/></imc></stmt><stmt><imc instruction="ESTMT"><imc instruction="CONST(0)"/></imc></stmt><stmt><imc instruction="JUMP(L25)"/></stmt><stmt><imc instruction="LABEL(L27)"/></stmt><stmt><imc instruction="MOVE"><imc instruction="TEMP(181)"/><imc instruction="CONST(0)"/></imc></stmt><stmt><imc instruction="MOVE"><imc instruction="TEMP(13)"/><imc instruction="TEMP(181)"/></imc></stmt><stmt><imc instruction="JUMP(L44)"/></stmt></codechunk><codechunk entrylabel="L45" exitlabel="L46"><frame FP="T14" RV="T15" argssize="0" depth="0" label="_main" locssize="272" size="288"/><stmt><imc instruction="LABEL(L45)"/></stmt><stmt><imc instruction="MOVE"><imc instruction="TEMP(182)"/><imc instruction="TEMP(14)"/></imc></stmt><stmt><imc instruction="MOVE"><imc instruction="TEMP(183)"/><imc instruction="CONST(-16)"/></imc></stmt><stmt><imc instruction="MOVE"><imc instruction="TEMP(184)"/><imc instruction="BINOP(ADD)"><imc instruction="TEMP(182)"/><imc instruction="TEMP(183)"/></imc></imc></stmt><stmt><imc instruction="MOVE"><imc instruction="TEMP(185)"/><imc instruction="CONST(5)"/></imc></stmt><stmt><imc instruction="MOVE"><imc instruction="MEM"><imc instruction="TEMP(184)"/></imc><imc instruction="TEMP(185)"/></imc></stmt><stmt><imc instruction="MOVE"><imc instruction="TEMP(186)"/><imc instruction="TEMP(14)"/></imc></stmt><stmt><imc instruction="MOVE"><imc instruction="TEMP(187)"/><imc instruction="CONST(-8)"/></imc></stmt><stmt><imc instruction="MOVE"><imc instruction="TEMP(188)"/><imc instruction="BINOP(ADD)"><imc instruction="TEMP(186)"/><imc instruction="TEMP(187)"/></imc></imc></stmt><stmt><imc instruction="MOVE"><imc instruction="TEMP(189)"/><imc instruction="CONST(0)"/></imc></stmt><stmt><imc instruction="MOVE"><imc instruction="MEM"><imc instruction="TEMP(188)"/></imc><imc instruction="TEMP(189)"/></imc></stmt><stmt><imc instruction="LABEL(L28)"/></stmt><stmt><imc instruction="MOVE"><imc instruction="TEMP(190)"/><imc instruction="TEMP(14)"/></imc></stmt><stmt><imc instruction="MOVE"><imc instruction="TEMP(191)"/><imc instruction="CONST(-8)"/></imc></stmt><stmt><imc instruction="MOVE"><imc instruction="TEMP(192)"/><imc instruction="MEM"><imc instruction="BINOP(ADD)"><imc instruction="TEMP(190)"/><imc instruction="TEMP(191)"/></imc></imc></imc></stmt><stmt><imc instruction="MOVE"><imc instruction="TEMP(193)"/><imc instruction="TEMP(14)"/></imc></stmt><stmt><imc instruction="MOVE"><imc instruction="TEMP(194)"/><imc instruction="CONST(-16)"/></imc></stmt><stmt><imc instruction="MOVE"><imc instruction="TEMP(195)"/><imc instruction="MEM"><imc instruction="BINOP(ADD)"><imc instruction="TEMP(193)"/><imc instruction="TEMP(194)"/></imc></imc></imc></stmt><stmt><imc instruction="CJUMP(L29,L30)"><imc instruction="BINOP(LTH)"><imc instruction="TEMP(192)"/><imc instruction="TEMP(195)"/></imc></imc></stmt><stmt><imc instruction="LABEL(L29)"/></stmt><stmt><imc instruction="MOVE"><imc instruction="TEMP(196)"/><imc instruction="TEMP(14)"/></imc></stmt><stmt><imc instruction="MOVE"><imc instruction="TEMP(197)"/><imc instruction="CONST(-24)"/></imc></stmt><stmt><imc instruction="MOVE"><imc instruction="TEMP(198)"/><imc instruction="BINOP(ADD)"><imc instruction="TEMP(196)"/><imc instruction="TEMP(197)"/></imc></imc></stmt><stmt><imc instruction="MOVE"><imc instruction="TEMP(199)"/><imc instruction="TEMP(14)"/></imc></stmt><stmt><imc instruction="MOVE"><imc instruction="TEMP(200)"/><imc instruction="CONST(-8)"/></imc></stmt><stmt><imc instruction="MOVE"><imc instruction="TEMP(201)"/><imc instruction="MEM"><imc instruction="BINOP(ADD)"><imc instruction="TEMP(199)"/><imc instruction="TEMP(200)"/></imc></imc></imc></stmt><stmt><imc instruction="MOVE"><imc instruction="TEMP(202)"/><imc instruction="CONST(8)"/></imc></stmt><stmt><imc instruction="MOVE"><imc instruction="TEMP(203)"/><imc instruction="BINOP(MUL)"><imc instruction="TEMP(201)"/><imc instruction="TEMP(202)"/></imc></imc></stmt><stmt><imc instruction="MOVE"><imc instruction="TEMP(204)"/><imc instruction="BINOP(ADD)"><imc instruction="TEMP(198)"/><imc instruction="TEMP(203)"/></imc></imc></stmt><stmt><imc instruction="MOVE"><imc instruction="TEMP(205)"/><imc instruction="TEMP(14)"/></imc></stmt><stmt><imc instruction="MOVE"><imc instruction="TEMP(206)"/><imc instruction="CONST(-8)"/></imc></stmt><stmt><imc instruction="MOVE"><imc instruction="TEMP(207)"/><imc instruction="MEM"><imc instruction="BINOP(ADD)"><imc instruction="TEMP(205)"/><imc instruction="TEMP(206)"/></imc></imc></imc></stmt><stmt><imc instruction="MOVE"><imc instruction="MEM"><imc instruction="TEMP(204)"/></imc><imc instruction="TEMP(207)"/></imc></stmt><stmt><imc instruction="MOVE"><imc instruction="TEMP(208)"/><imc instruction="TEMP(14)"/></imc></stmt><stmt><imc instruction="MOVE"><imc instruction="TEMP(209)"/><imc instruction="CONST(-8)"/></imc></stmt><stmt><imc instruction="MOVE"><imc instruction="TEMP(210)"/><imc instruction="BINOP(ADD)"><imc instruction="TEMP(208)"/><imc instruction="TEMP(209)"/></imc></imc></stmt><stmt><imc instruction="MOVE"><imc instruction="TEMP(211)"/><imc instruction="TEMP(14)"/></imc></stmt><stmt><imc instruction="MOVE"><imc instruction="TEMP(212)"/><imc instruction="CONST(-8)"/></imc></stmt><stmt><imc instruction="MOVE"><imc instruction="TEMP(213)"/><imc instruction="MEM"><imc instruction="BINOP(ADD)"><imc instruction="TEMP(211)"/><imc instruction="TEMP(212)"/></imc></imc></imc></stmt><stmt><imc instruction="MOVE"><imc instruction="TEMP(214)"/><imc instruction="CONST(1)"/></imc></stmt><stmt><imc instruction="MOVE"><imc instruction="TEMP(215)"/><imc instruction="BINOP(ADD)"><imc instruction="TEMP(213)"/><imc instruction="TEMP(214)"/></imc></imc></stmt><stmt><imc instruction="MOVE"><imc instruction="MEM"><imc instruction="TEMP(210)"/></imc><imc instruction="TEMP(215)"/></imc></stmt><stmt><imc instruction="ESTMT"><imc instruction="CONST(0)"/></imc></stmt><stmt><imc instruction="JUMP(L28)"/></stmt><stmt><imc instruction="LABEL(L30)"/></stmt><stmt><imc instruction="ESTMT"><imc instruction="CONST(0)"/></imc></stmt><stmt><imc instruction="MOVE"><imc instruction="TEMP(216)"/><imc instruction="CONST(0)"/></imc></stmt><stmt><imc instruction="MOVE"><imc instruction="TEMP(15)"/><imc instruction="TEMP(216)"/></imc></stmt><stmt><imc instruction="JUMP(L46)"/></stmt></codechunk></imclin>