<?xml version="1.0" encoding="UTF-8" standalone="no"?><?xml-stylesheet type="text/xsl" href="../lib/xsl/abstr.xsl"?><abstr><node id="385" label="{Decls}"><node id="3" label="FunDecl" lexeme="exit"><node id="1" label="AtomType" spec="VOID"><location begcolumn="12" begline="1" endcolumn="15" endline="1" loc="1.12 - 1.15"/></node><node id="2" label="AtomExpr" lexeme="none" spec="VOID"><location begcolumn="19" begline="1" endcolumn="22" endline="1" loc="1.19 - 1.22"/></node><location begcolumn="1" begline="1" endcolumn="22" endline="1" loc="1.1 - 1.22"/></node><node id="9" label="FunDecl" lexeme="putChar"><node id="6" label="{Pars}"><node id="5" label="ParDecl" lexeme="c"><node id="4" label="AtomType" spec="CHAR"><location begcolumn="15" begline="2" endcolumn="18" endline="2" loc="2.15 - 2.18"/></node><location begcolumn="13" begline="2" endcolumn="18" endline="2" loc="2.13 - 2.18"/></node><location begcolumn="13" begline="2" endcolumn="18" endline="2" loc="2.13 - 2.18"/></node><node id="7" label="AtomType" spec="VOID"><location begcolumn="21" begline="2" endcolumn="24" endline="2" loc="2.21 - 2.24"/></node><node id="8" label="AtomExpr" lexeme="none" spec="VOID"><location begcolumn="28" begline="2" endcolumn="31" endline="2" loc="2.28 - 2.31"/></node><location begcolumn="1" begline="2" endcolumn="31" endline="2" loc="2.1 - 2.31"/></node><node id="15" label="FunDecl" lexeme="getChar"><node id="11" label="AtomType" spec="CHAR"><location begcolumn="15" begline="3" endcolumn="18" endline="3" loc="3.15 - 3.18"/></node><node id="14" label="CastExpr"><node id="12" label="AtomExpr" lexeme="0" spec="INTEGER"><location begcolumn="23" begline="3" endcolumn="23" endline="3" loc="3.23 - 3.23"/></node><node id="13" label="AtomType" spec="CHAR"><location begcolumn="25" begline="3" endcolumn="28" endline="3" loc="3.25 - 3.28"/></node><location begcolumn="22" begline="3" endcolumn="29" endline="3" loc="3.22 - 3.29"/></node><location begcolumn="1" begline="3" endcolumn="29" endline="3" loc="3.1 - 3.29"/></node><node id="87" label="FunDecl" lexeme="putInteger"><node id="18" label="{Pars}"><node id="17" label="ParDecl" lexeme="i"><node id="16" label="AtomType" spec="INTEGER"><location begcolumn="18" begline="5" endcolumn="24" endline="5" loc="5.18 - 5.24"/></node><location begcolumn="16" begline="5" endcolumn="24" endline="5" loc="5.16 - 5.24"/></node><location begcolumn="16" begline="5" endcolumn="24" endline="5" loc="5.16 - 5.24"/></node><node id="19" label="AtomType" spec="VOID"><location begcolumn="27" begline="5" endcolumn="30" endline="5" loc="5.27 - 5.30"/></node><node id="86" label="WhereExpr"><node id="50" label="StmtExpr"><node id="49" label="{Stmts}"><node id="36" label="IfStmt"><node id="22" label="BinExpr" spec="LTH"><node id="20" label="NameExpr" lexeme="i"><location begcolumn="11" begline="7" endcolumn="11" endline="7" loc="7.11 - 7.11"/></node><node id="21" label="AtomExpr" lexeme="0" spec="INTEGER"><location begcolumn="13" begline="7" endcolumn="13" endline="7" loc="7.13 - 7.13"/></node><location begcolumn="11" begline="7" endcolumn="13" endline="7" loc="7.11 - 7.13"/></node><node id="33" label="ExprStmt"><node id="32" label="StmtExpr"><node id="31" label="{Stmts}"><node id="26" label="ExprStmt"><node id="25" label="CallExpr" lexeme="putChar"><node id="24" label="{CallArgs}"><node id="23" label="AtomExpr" lexeme="'-'" spec="CHAR"><location begcolumn="31" begline="7" endcolumn="33" endline="7" loc="7.31 - 7.33"/></node><location begcolumn="31" begline="7" endcolumn="33" endline="7" loc="7.31 - 7.33"/></node><location begcolumn="23" begline="7" endcolumn="34" endline="7" loc="7.23 - 7.34"/></node><location begcolumn="23" begline="7" endcolumn="34" endline="7" loc="7.23 - 7.34"/></node><node id="30" label="AssignStmt"><node id="27" label="NameExpr" lexeme="i"><location begcolumn="37" begline="7" endcolumn="37" endline="7" loc="7.37 - 7.37"/></node><node id="29" label="PfxExpr" spec="SUB"><node id="28" label="NameExpr" lexeme="i"><location begcolumn="40" begline="7" endcolumn="40" endline="7" loc="7.40 - 7.40"/></node><location begcolumn="39" begline="7" endcolumn="40" endline="7" loc="7.39 - 7.40"/></node><location begcolumn="37" begline="7" endcolumn="40" endline="7" loc="7.37 - 7.40"/></node><location begcolumn="23" begline="7" endcolumn="40" endline="7" loc="7.23 - 7.40"/></node><location begcolumn="21" begline="7" endcolumn="43" endline="7" loc="7.21 - 7.43"/></node><location begcolumn="21" begline="7" endcolumn="43" endline="7" loc="7.21 - 7.43"/></node><node id="35" label="ExprStmt"><node id="34" label="AtomExpr" lexeme="none" spec="VOID"><location begcolumn="50" begline="7" endcolumn="53" endline="7" loc="7.50 - 7.53"/></node><location begcolumn="50" begline="7" endcolumn="53" endline="7" loc="7.50 - 7.53"/></node><location begcolumn="7" begline="7" endcolumn="53" endline="7" loc="7.7 - 7.53"/></node><node id="48" label="IfStmt"><node id="39" label="BinExpr" spec="EQU"><node id="37" label="NameExpr" lexeme="i"><location begcolumn="11" begline="8" endcolumn="11" endline="8" loc="8.11 - 8.11"/></node><node id="38" label="AtomExpr" lexeme="0" spec="INTEGER"><location begcolumn="14" begline="8" endcolumn="14" endline="8" loc="8.14 - 8.14"/></node><location begcolumn="11" begline="8" endcolumn="14" endline="8" loc="8.11 - 8.14"/></node><node id="43" label="ExprStmt"><node id="42" label="CallExpr" lexeme="putChar"><node id="41" label="{CallArgs}"><node id="40" label="AtomExpr" lexeme="'0'" spec="CHAR"><location begcolumn="30" begline="8" endcolumn="32" endline="8" loc="8.30 - 8.32"/></node><location begcolumn="30" begline="8" endcolumn="32" endline="8" loc="8.30 - 8.32"/></node><location begcolumn="22" begline="8" endcolumn="33" endline="8" loc="8.22 - 8.33"/></node><location begcolumn="22" begline="8" endcolumn="33" endline="8" loc="8.22 - 8.33"/></node><node id="47" label="ExprStmt"><node id="46" label="CallExpr" lexeme="put"><node id="45" label="{CallArgs}"><node id="44" label="NameExpr" lexeme="i"><location begcolumn="44" begline="8" endcolumn="44" endline="8" loc="8.44 - 8.44"/></node><location begcolumn="44" begline="8" endcolumn="44" endline="8" loc="8.44 - 8.44"/></node><location begcolumn="40" begline="8" endcolumn="45" endline="8" loc="8.40 - 8.45"/></node><location begcolumn="40" begline="8" endcolumn="45" endline="8" loc="8.40 - 8.45"/></node><location begcolumn="7" begline="8" endcolumn="45" endline="8" loc="8.7 - 8.45"/></node><location begcolumn="7" begline="7" endcolumn="45" endline="8" loc="7.7 - 8.45"/></node><location begcolumn="5" begline="6" endcolumn="5" endline="9" loc="6.5 - 9.5"/></node><node id="85" label="{Decls}"><node id="84" label="FunDecl" lexeme="put"><node id="53" label="{Pars}"><node id="52" label="ParDecl" lexeme="i"><node id="51" label="AtomType" spec="INTEGER"><location begcolumn="17" begline="12" endcolumn="23" endline="12" loc="12.17 - 12.23"/></node><location begcolumn="15" begline="12" endcolumn="23" endline="12" loc="12.15 - 12.23"/></node><location begcolumn="15" begline="12" endcolumn="23" endline="12" loc="12.15 - 12.23"/></node><node id="54" label="AtomType" spec="VOID"><location begcolumn="26" begline="12" endcolumn="29" endline="12" loc="12.26 - 12.29"/></node><node id="83" label="StmtExpr"><node id="82" label="{Stmts}"><node id="81" label="IfStmt"><node id="57" label="BinExpr" spec="EQU"><node id="55" label="NameExpr" lexeme="i"><location begcolumn="17" begline="14" endcolumn="17" endline="14" loc="14.17 - 14.17"/></node><node id="56" label="AtomExpr" lexeme="0" spec="INTEGER"><location begcolumn="20" begline="14" endcolumn="20" endline="14" loc="14.20 - 14.20"/></node><location begcolumn="17" begline="14" endcolumn="20" endline="14" loc="14.17 - 14.20"/></node><node id="59" label="ExprStmt"><node id="58" label="AtomExpr" lexeme="none" spec="VOID"><location begcolumn="28" begline="14" endcolumn="31" endline="14" loc="14.28 - 14.31"/></node><location begcolumn="28" begline="14" endcolumn="31" endline="14" loc="14.28 - 14.31"/></node><node id="80" label="ExprStmt"><node id="79" label="StmtExpr"><node id="78" label="{Stmts}"><node id="65" label="ExprStmt"><node id="64" label="CallExpr" lexeme="put"><node id="63" label="{CallArgs}"><node id="62" label="BinExpr" spec="DIV"><node id="60" label="NameExpr" lexeme="i"><location begcolumn="19" begline="15" endcolumn="19" endline="15" loc="15.19 - 15.19"/></node><node id="61" label="AtomExpr" lexeme="10" spec="INTEGER"><location begcolumn="21" begline="15" endcolumn="22" endline="15" loc="15.21 - 15.22"/></node><location begcolumn="19" begline="15" endcolumn="22" endline="15" loc="15.19 - 15.22"/></node><location begcolumn="19" begline="15" endcolumn="22" endline="15" loc="15.19 - 15.22"/></node><location begcolumn="15" begline="15" endcolumn="23" endline="15" loc="15.15 - 15.23"/></node><location begcolumn="15" begline="15" endcolumn="23" endline="15" loc="15.15 - 15.23"/></node><node id="77" label="ExprStmt"><node id="76" label="CallExpr" lexeme="putChar"><node id="75" label="{CallArgs}"><node id="74" label="CastExpr"><node id="72" label="BinExpr" spec="ADD"><node id="68" label="BinExpr" spec="MOD"><node id="66" label="NameExpr" lexeme="i"><location begcolumn="25" begline="16" endcolumn="25" endline="16" loc="16.25 - 16.25"/></node><node id="67" label="AtomExpr" lexeme="10" spec="INTEGER"><location begcolumn="27" begline="16" endcolumn="28" endline="16" loc="16.27 - 16.28"/></node><location begcolumn="25" begline="16" endcolumn="28" endline="16" loc="16.25 - 16.28"/></node><node id="71" label="CastExpr"><node id="69" label="AtomExpr" lexeme="'0'" spec="CHAR"><location begcolumn="31" begline="16" endcolumn="33" endline="16" loc="16.31 - 16.33"/></node><node id="70" label="AtomType" spec="INTEGER"><location begcolumn="35" begline="16" endcolumn="41" endline="16" loc="16.35 - 16.41"/></node><location begcolumn="30" begline="16" endcolumn="42" endline="16" loc="16.30 - 16.42"/></node><location begcolumn="25" begline="16" endcolumn="42" endline="16" loc="16.25 - 16.42"/></node><node id="73" label="AtomType" spec="CHAR"><location begcolumn="45" begline="16" endcolumn="48" endline="16" loc="16.45 - 16.48"/></node><location begcolumn="23" begline="16" endcolumn="49" endline="16" loc="16.23 - 16.49"/></node><location begcolumn="23" begline="16" endcolumn="49" endline="16" loc="16.23 - 16.49"/></node><location begcolumn="15" begline="16" endcolumn="50" endline="16" loc="16.15 - 16.50"/></node><location begcolumn="15" begline="16" endcolumn="50" endline="16" loc="16.15 - 16.50"/></node><location begcolumn="15" begline="15" endcolumn="50" endline="16" loc="15.15 - 16.50"/></node><location begcolumn="38" begline="14" endcolumn="13" endline="17" loc="14.38 - 17.13"/></node><location begcolumn="38" begline="14" endcolumn="13" endline="17" loc="14.38 - 17.13"/></node><location begcolumn="13" begline="14" endcolumn="13" endline="17" loc="14.13 - 17.13"/></node><location begcolumn="13" begline="14" endcolumn="13" endline="17" loc="14.13 - 17.13"/></node><location begcolumn="11" begline="13" endcolumn="11" endline="18" loc="13.11 - 18.11"/></node><location begcolumn="7" begline="12" endcolumn="11" endline="18" loc="12.7 - 18.11"/></node><location begcolumn="7" begline="12" endcolumn="11" endline="18" loc="12.7 - 18.11"/></node><location begcolumn="5" begline="6" endcolumn="5" endline="19" loc="6.5 - 19.5"/></node><location begcolumn="1" begline="5" endcolumn="5" endline="19" loc="5.1 - 19.5"/></node><node id="194" label="FunDecl" lexeme="getInteger"><node id="89" label="AtomType" spec="INTEGER"><location begcolumn="18" begline="21" endcolumn="24" endline="21" loc="21.18 - 21.24"/></node><node id="193" label="WhereExpr"><node id="185" label="StmtExpr"><node id="184" label="{Stmts}"><node id="92" label="AssignStmt"><node id="90" label="NameExpr" lexeme="sign"><location begcolumn="7" begline="23" endcolumn="10" endline="23" loc="23.7 - 23.10"/></node><node id="91" label="AtomExpr" lexeme="1" spec="INTEGER"><location begcolumn="12" begline="23" endcolumn="12" endline="23" loc="23.12 - 23.12"/></node><location begcolumn="7" begline="23" endcolumn="12" endline="23" loc="23.7 - 23.12"/></node><node id="95" label="AssignStmt"><node id="93" label="NameExpr" lexeme="val"><location begcolumn="7" begline="24" endcolumn="9" endline="24" loc="24.7 - 24.9"/></node><node id="94" label="AtomExpr" lexeme="0" spec="INTEGER"><location begcolumn="11" begline="24" endcolumn="11" endline="24" loc="24.11 - 24.11"/></node><location begcolumn="7" begline="24" endcolumn="11" endline="24" loc="24.7 - 24.11"/></node><node id="99" label="AssignStmt"><node id="96" label="NameExpr" lexeme="c"><location begcolumn="7" begline="25" endcolumn="7" endline="25" loc="25.7 - 25.7"/></node><node id="98" label="CallExpr" lexeme="getChar"><location begcolumn="11" begline="25" endcolumn="19" endline="25" loc="25.11 - 25.19"/></node><location begcolumn="7" begline="25" endcolumn="19" endline="25" loc="25.7 - 25.19"/></node><node id="140" label="IfStmt"><node id="102" label="BinExpr" spec="EQU"><node id="100" label="NameExpr" lexeme="c"><location begcolumn="11" begline="26" endcolumn="11" endline="26" loc="26.11 - 26.11"/></node><node id="101" label="AtomExpr" lexeme="'+'" spec="CHAR"><location begcolumn="14" begline="26" endcolumn="16" endline="26" loc="26.14 - 26.16"/></node><location begcolumn="11" begline="26" endcolumn="16" endline="26" loc="26.11 - 26.16"/></node><node id="112" label="ExprStmt"><node id="111" label="StmtExpr"><node id="110" label="{Stmts}"><node id="106" label="AssignStmt"><node id="103" label="NameExpr" lexeme="sign"><location begcolumn="26" begline="26" endcolumn="29" endline="26" loc="26.26 - 26.29"/></node><node id="105" label="PfxExpr" spec="ADD"><node id="104" label="AtomExpr" lexeme="1" spec="INTEGER"><location begcolumn="32" begline="26" endcolumn="32" endline="26" loc="26.32 - 26.32"/></node><location begcolumn="31" begline="26" endcolumn="32" endline="26" loc="26.31 - 26.32"/></node><location begcolumn="26" begline="26" endcolumn="32" endline="26" loc="26.26 - 26.32"/></node><node id="109" label="AssignStmt"><node id="107" label="NameExpr" lexeme="c"><location begcolumn="35" begline="26" endcolumn="35" endline="26" loc="26.35 - 26.35"/></node><node id="108" label="AtomExpr" lexeme="'0'" spec="CHAR"><location begcolumn="37" begline="26" endcolumn="39" endline="26" loc="26.37 - 26.39"/></node><location begcolumn="35" begline="26" endcolumn="39" endline="26" loc="26.35 - 26.39"/></node><location begcolumn="26" begline="26" endcolumn="39" endline="26" loc="26.26 - 26.39"/></node><location begcolumn="24" begline="26" endcolumn="42" endline="26" loc="26.24 - 26.42"/></node><location begcolumn="24" begline="26" endcolumn="42" endline="26" loc="26.24 - 26.42"/></node><node id="139" label="IfStmt"><node id="115" label="BinExpr" spec="EQU"><node id="113" label="NameExpr" lexeme="c"><location begcolumn="11" begline="27" endcolumn="11" endline="27" loc="27.11 - 27.11"/></node><node id="114" label="AtomExpr" lexeme="'-'" spec="CHAR"><location begcolumn="14" begline="27" endcolumn="16" endline="27" loc="27.14 - 27.16"/></node><location begcolumn="11" begline="27" endcolumn="16" endline="27" loc="27.11 - 27.16"/></node><node id="125" label="ExprStmt"><node id="124" label="StmtExpr"><node id="123" label="{Stmts}"><node id="119" label="AssignStmt"><node id="116" label="NameExpr" lexeme="sign"><location begcolumn="26" begline="27" endcolumn="29" endline="27" loc="27.26 - 27.29"/></node><node id="118" label="PfxExpr" spec="SUB"><node id="117" label="AtomExpr" lexeme="1" spec="INTEGER"><location begcolumn="32" begline="27" endcolumn="32" endline="27" loc="27.32 - 27.32"/></node><location begcolumn="31" begline="27" endcolumn="32" endline="27" loc="27.31 - 27.32"/></node><location begcolumn="26" begline="27" endcolumn="32" endline="27" loc="27.26 - 27.32"/></node><node id="122" label="AssignStmt"><node id="120" label="NameExpr" lexeme="c"><location begcolumn="35" begline="27" endcolumn="35" endline="27" loc="27.35 - 27.35"/></node><node id="121" label="AtomExpr" lexeme="'0'" spec="CHAR"><location begcolumn="37" begline="27" endcolumn="39" endline="27" loc="27.37 - 27.39"/></node><location begcolumn="35" begline="27" endcolumn="39" endline="27" loc="27.35 - 27.39"/></node><location begcolumn="26" begline="27" endcolumn="39" endline="27" loc="27.26 - 27.39"/></node><location begcolumn="24" begline="27" endcolumn="42" endline="27" loc="27.24 - 27.42"/></node><location begcolumn="24" begline="27" endcolumn="42" endline="27" loc="27.24 - 27.42"/></node><node id="138" label="IfStmt"><node id="132" label="BinExpr" spec="OR"><node id="128" label="BinExpr" spec="LTH"><node id="126" label="NameExpr" lexeme="c"><location begcolumn="11" begline="28" endcolumn="11" endline="28" loc="28.11 - 28.11"/></node><node id="127" label="AtomExpr" lexeme="'0'" spec="CHAR"><location begcolumn="13" begline="28" endcolumn="15" endline="28" loc="28.13 - 28.15"/></node><location begcolumn="11" begline="28" endcolumn="15" endline="28" loc="28.11 - 28.15"/></node><node id="131" label="BinExpr" spec="GTH"><node id="129" label="NameExpr" lexeme="c"><location begcolumn="19" begline="28" endcolumn="19" endline="28" loc="28.19 - 28.19"/></node><node id="130" label="AtomExpr" lexeme="'9'" spec="CHAR"><location begcolumn="21" begline="28" endcolumn="23" endline="28" loc="28.21 - 28.23"/></node><location begcolumn="19" begline="28" endcolumn="23" endline="28" loc="28.19 - 28.23"/></node><location begcolumn="11" begline="28" endcolumn="23" endline="28" loc="28.11 - 28.23"/></node><node id="135" label="ExprStmt"><node id="134" label="CallExpr" lexeme="exit"><location begcolumn="31" begline="28" endcolumn="36" endline="28" loc="28.31 - 28.36"/></node><location begcolumn="31" begline="28" endcolumn="36" endline="28" loc="28.31 - 28.36"/></node><node id="137" label="ExprStmt"><node id="136" label="AtomExpr" lexeme="none" spec="VOID"><location begcolumn="43" begline="28" endcolumn="46" endline="28" loc="28.43 - 28.46"/></node><location begcolumn="43" begline="28" endcolumn="46" endline="28" loc="28.43 - 28.46"/></node><location begcolumn="7" begline="28" endcolumn="46" endline="28" loc="28.7 - 28.46"/></node><location begcolumn="7" begline="27" endcolumn="46" endline="28" loc="27.7 - 28.46"/></node><location begcolumn="7" begline="26" endcolumn="46" endline="28" loc="26.7 - 28.46"/></node><node id="168" label="WhileStmt"><node id="147" label="BinExpr" spec="AND"><node id="143" label="BinExpr" spec="LEQ"><node id="141" label="AtomExpr" lexeme="'0'" spec="CHAR"><location begcolumn="14" begline="29" endcolumn="16" endline="29" loc="29.14 - 29.16"/></node><node id="142" label="NameExpr" lexeme="c"><location begcolumn="19" begline="29" endcolumn="19" endline="29" loc="29.19 - 29.19"/></node><location begcolumn="14" begline="29" endcolumn="19" endline="29" loc="29.14 - 29.19"/></node><node id="146" label="BinExpr" spec="LEQ"><node id="144" label="NameExpr" lexeme="c"><location begcolumn="23" begline="29" endcolumn="23" endline="29" loc="29.23 - 29.23"/></node><node id="145" label="AtomExpr" lexeme="'9'" spec="CHAR"><location begcolumn="26" begline="29" endcolumn="28" endline="29" loc="29.26 - 29.28"/></node><location begcolumn="23" begline="29" endcolumn="28" endline="29" loc="29.23 - 29.28"/></node><location begcolumn="14" begline="29" endcolumn="28" endline="29" loc="29.14 - 29.28"/></node><node id="167" label="ExprStmt"><node id="166" label="StmtExpr"><node id="165" label="{Stmts}"><node id="160" label="AssignStmt"><node id="148" label="NameExpr" lexeme="val"><location begcolumn="9" begline="30" endcolumn="11" endline="30" loc="30.9 - 30.11"/></node><node id="159" label="BinExpr" spec="ADD"><node id="151" label="BinExpr" spec="MUL"><node id="149" label="NameExpr" lexeme="val"><location begcolumn="13" begline="30" endcolumn="15" endline="30" loc="30.13 - 30.15"/></node><node id="150" label="AtomExpr" lexeme="10" spec="INTEGER"><location begcolumn="17" begline="30" endcolumn="18" endline="30" loc="30.17 - 30.18"/></node><location begcolumn="13" begline="30" endcolumn="18" endline="30" loc="30.13 - 30.18"/></node><node id="158" label="BinExpr" spec="SUB"><node id="154" label="CastExpr"><node id="152" label="NameExpr" lexeme="c"><location begcolumn="22" begline="30" endcolumn="22" endline="30" loc="30.22 - 30.22"/></node><node id="153" label="AtomType" spec="INTEGER"><location begcolumn="24" begline="30" endcolumn="30" endline="30" loc="30.24 - 30.30"/></node><location begcolumn="21" begline="30" endcolumn="31" endline="30" loc="30.21 - 30.31"/></node><node id="157" label="CastExpr"><node id="155" label="AtomExpr" lexeme="'0'" spec="CHAR"><location begcolumn="34" begline="30" endcolumn="36" endline="30" loc="30.34 - 30.36"/></node><node id="156" label="AtomType" spec="INTEGER"><location begcolumn="38" begline="30" endcolumn="44" endline="30" loc="30.38 - 30.44"/></node><location begcolumn="33" begline="30" endcolumn="45" endline="30" loc="30.33 - 30.45"/></node><location begcolumn="21" begline="30" endcolumn="45" endline="30" loc="30.21 - 30.45"/></node><location begcolumn="13" begline="30" endcolumn="45" endline="30" loc="30.13 - 30.45"/></node><location begcolumn="9" begline="30" endcolumn="45" endline="30" loc="30.9 - 30.45"/></node><node id="164" label="AssignStmt"><node id="161" label="NameExpr" lexeme="c"><location begcolumn="9" begline="31" endcolumn="9" endline="31" loc="31.9 - 31.9"/></node><node id="163" label="CallExpr" lexeme="getChar"><location begcolumn="11" begline="31" endcolumn="19" endline="31" loc="31.11 - 31.19"/></node><location begcolumn="9" begline="31" endcolumn="19" endline="31" loc="31.9 - 31.19"/></node><location begcolumn="9" begline="30" endcolumn="19" endline="31" loc="30.9 - 31.19"/></node><location begcolumn="34" begline="29" endcolumn="7" endline="32" loc="29.34 - 32.7"/></node><location begcolumn="34" begline="29" endcolumn="7" endline="32" loc="29.34 - 32.7"/></node><location begcolumn="7" begline="29" endcolumn="7" endline="32" loc="29.7 - 32.7"/></node><node id="179" label="IfStmt"><node id="173" label="BinExpr" spec="NEQ"><node id="169" label="NameExpr" lexeme="c"><location begcolumn="11" begline="33" endcolumn="11" endline="33" loc="33.11 - 33.11"/></node><node id="172" label="CastExpr"><node id="170" label="AtomExpr" lexeme="10" spec="INTEGER"><location begcolumn="15" begline="33" endcolumn="16" endline="33" loc="33.15 - 33.16"/></node><node id="171" label="AtomType" spec="CHAR"><location begcolumn="18" begline="33" endcolumn="21" endline="33" loc="33.18 - 33.21"/></node><location begcolumn="14" begline="33" endcolumn="22" endline="33" loc="33.14 - 33.22"/></node><location begcolumn="11" begline="33" endcolumn="22" endline="33" loc="33.11 - 33.22"/></node><node id="176" label="ExprStmt"><node id="175" label="CallExpr" lexeme="exit"><location begcolumn="30" begline="33" endcolumn="35" endline="33" loc="33.30 - 33.35"/></node><location begcolumn="30" begline="33" endcolumn="35" endline="33" loc="33.30 - 33.35"/></node><node id="178" label="ExprStmt"><node id="177" label="AtomExpr" lexeme="none" spec="VOID"><location begcolumn="42" begline="33" endcolumn="45" endline="33" loc="33.42 - 33.45"/></node><location begcolumn="42" begline="33" endcolumn="45" endline="33" loc="33.42 - 33.45"/></node><location begcolumn="7" begline="33" endcolumn="45" endline="33" loc="33.7 - 33.45"/></node><node id="183" label="ExprStmt"><node id="182" label="BinExpr" spec="MUL"><node id="180" label="NameExpr" lexeme="sign"><location begcolumn="7" begline="34" endcolumn="10" endline="34" loc="34.7 - 34.10"/></node><node id="181" label="NameExpr" lexeme="val"><location begcolumn="14" begline="34" endcolumn="16" endline="34" loc="34.14 - 34.16"/></node><location begcolumn="7" begline="34" endcolumn="16" endline="34" loc="34.7 - 34.16"/></node><location begcolumn="7" begline="34" endcolumn="16" endline="34" loc="34.7 - 34.16"/></node><location begcolumn="7" begline="23" endcolumn="16" endline="34" loc="23.7 - 34.16"/></node><location begcolumn="5" begline="22" endcolumn="5" endline="35" loc="22.5 - 35.5"/></node><node id="192" label="{Decls}"><node id="187" label="VarDecl" lexeme="sign"><node id="186" label="AtomType" spec="INTEGER"><location begcolumn="16" begline="38" endcolumn="22" endline="38" loc="38.16 - 38.22"/></node><location begcolumn="7" begline="38" endcolumn="22" endline="38" loc="38.7 - 38.22"/></node><node id="189" label="VarDecl" lexeme="val"><node id="188" label="AtomType" spec="INTEGER"><location begcolumn="15" begline="39" endcolumn="21" endline="39" loc="39.15 - 39.21"/></node><location begcolumn="7" begline="39" endcolumn="21" endline="39" loc="39.7 - 39.21"/></node><node id="191" label="VarDecl" lexeme="c"><node id="190" label="AtomType" spec="CHAR"><location begcolumn="13" begline="40" endcolumn="16" endline="40" loc="40.13 - 40.16"/></node><location begcolumn="7" begline="40" endcolumn="16" endline="40" loc="40.7 - 40.16"/></node><location begcolumn="7" begline="38" endcolumn="16" endline="40" loc="38.7 - 40.16"/></node><location begcolumn="5" begline="22" endcolumn="5" endline="41" loc="22.5 - 41.5"/></node><location begcolumn="1" begline="21" endcolumn="5" endline="41" loc="21.1 - 41.5"/></node><node id="249" label="FunDecl" lexeme="putString"><node id="198" label="{Pars}"><node id="197" label="ParDecl" lexeme="s"><node id="196" label="PtrType"><node id="195" label="AtomType" spec="CHAR"><location begcolumn="18" begline="43" endcolumn="21" endline="43" loc="43.18 - 43.21"/></node><location begcolumn="17" begline="43" endcolumn="21" endline="43" loc="43.17 - 43.21"/></node><location begcolumn="15" begline="43" endcolumn="21" endline="43" loc="43.15 - 43.21"/></node><location begcolumn="15" begline="43" endcolumn="21" endline="43" loc="43.15 - 43.21"/></node><node id="199" label="AtomType" spec="VOID"><location begcolumn="24" begline="43" endcolumn="27" endline="43" loc="43.24 - 43.27"/></node><node id="248" label="WhereExpr"><node id="244" label="StmtExpr"><node id="243" label="{Stmts}"><node id="202" label="AssignStmt"><node id="200" label="NameExpr" lexeme="i"><location begcolumn="7" begline="45" endcolumn="7" endline="45" loc="45.7 - 45.7"/></node><node id="201" label="AtomExpr" lexeme="0" spec="INTEGER"><location begcolumn="9" begline="45" endcolumn="9" endline="45" loc="45.9 - 45.9"/></node><location begcolumn="7" begline="45" endcolumn="9" endline="45" loc="45.7 - 45.9"/></node><node id="240" label="WhileStmt"><node id="217" label="BinExpr" spec="NEQ"><node id="213" label="SfxExpr" spec="PTR"><node id="212" label="CastExpr"><node id="209" label="BinExpr" spec="ADD"><node id="205" label="CastExpr"><node id="203" label="NameExpr" lexeme="s"><location begcolumn="16" begline="46" endcolumn="16" endline="46" loc="46.16 - 46.16"/></node><node id="204" label="AtomType" spec="INTEGER"><location begcolumn="18" begline="46" endcolumn="24" endline="46" loc="46.18 - 46.24"/></node><location begcolumn="15" begline="46" endcolumn="25" endline="46" loc="46.15 - 46.25"/></node><node id="208" label="BinExpr" spec="MUL"><node id="206" label="NameExpr" lexeme="i"><location begcolumn="28" begline="46" endcolumn="28" endline="46" loc="46.28 - 46.28"/></node><node id="207" label="AtomExpr" lexeme="8" spec="INTEGER"><location begcolumn="30" begline="46" endcolumn="30" endline="46" loc="46.30 - 46.30"/></node><location begcolumn="28" begline="46" endcolumn="30" endline="46" loc="46.28 - 46.30"/></node><location begcolumn="15" begline="46" endcolumn="30" endline="46" loc="46.15 - 46.30"/></node><node id="211" label="PtrType"><node id="210" label="AtomType" spec="CHAR"><location begcolumn="34" begline="46" endcolumn="37" endline="46" loc="46.34 - 46.37"/></node><location begcolumn="33" begline="46" endcolumn="37" endline="46" loc="46.33 - 46.37"/></node><location begcolumn="14" begline="46" endcolumn="38" endline="46" loc="46.14 - 46.38"/></node><location begcolumn="14" begline="46" endcolumn="39" endline="46" loc="46.14 - 46.39"/></node><node id="216" label="CastExpr"><node id="214" label="AtomExpr" lexeme="0" spec="INTEGER"><location begcolumn="43" begline="46" endcolumn="43" endline="46" loc="46.43 - 46.43"/></node><node id="215" label="AtomType" spec="CHAR"><location begcolumn="45" begline="46" endcolumn="48" endline="46" loc="46.45 - 46.48"/></node><location begcolumn="42" begline="46" endcolumn="49" endline="46" loc="46.42 - 46.49"/></node><location begcolumn="14" begline="46" endcolumn="49" endline="46" loc="46.14 - 46.49"/></node><node id="239" label="ExprStmt"><node id="238" label="StmtExpr"><node id="237" label="{Stmts}"><node id="231" label="ExprStmt"><node id="230" label="CallExpr" lexeme="putChar"><node id="229" label="{CallArgs}"><node id="228" label="SfxExpr" spec="PTR"><node id="227" label="CastExpr"><node id="224" label="BinExpr" spec="ADD"><node id="220" label="CastExpr"><node id="218" label="NameExpr" lexeme="s"><location begcolumn="19" begline="47" endcolumn="19" endline="47" loc="47.19 - 47.19"/></node><node id="219" label="AtomType" spec="INTEGER"><location begcolumn="21" begline="47" endcolumn="27" endline="47" loc="47.21 - 47.27"/></node><location begcolumn="18" begline="47" endcolumn="28" endline="47" loc="47.18 - 47.28"/></node><node id="223" label="BinExpr" spec="MUL"><node id="221" label="NameExpr" lexeme="i"><location begcolumn="31" begline="47" endcolumn="31" endline="47" loc="47.31 - 47.31"/></node><node id="222" label="AtomExpr" lexeme="8" spec="INTEGER"><location begcolumn="33" begline="47" endcolumn="33" endline="47" loc="47.33 - 47.33"/></node><location begcolumn="31" begline="47" endcolumn="33" endline="47" loc="47.31 - 47.33"/></node><location begcolumn="18" begline="47" endcolumn="33" endline="47" loc="47.18 - 47.33"/></node><node id="226" label="PtrType"><node id="225" label="AtomType" spec="CHAR"><location begcolumn="37" begline="47" endcolumn="40" endline="47" loc="47.37 - 47.40"/></node><location begcolumn="36" begline="47" endcolumn="40" endline="47" loc="47.36 - 47.40"/></node><location begcolumn="17" begline="47" endcolumn="41" endline="47" loc="47.17 - 47.41"/></node><location begcolumn="17" begline="47" endcolumn="42" endline="47" loc="47.17 - 47.42"/></node><location begcolumn="17" begline="47" endcolumn="42" endline="47" loc="47.17 - 47.42"/></node><location begcolumn="9" begline="47" endcolumn="43" endline="47" loc="47.9 - 47.43"/></node><location begcolumn="9" begline="47" endcolumn="43" endline="47" loc="47.9 - 47.43"/></node><node id="236" label="AssignStmt"><node id="232" label="NameExpr" lexeme="i"><location begcolumn="9" begline="48" endcolumn="9" endline="48" loc="48.9 - 48.9"/></node><node id="235" label="BinExpr" spec="ADD"><node id="233" label="NameExpr" lexeme="i"><location begcolumn="11" begline="48" endcolumn="11" endline="48" loc="48.11 - 48.11"/></node><node id="234" label="AtomExpr" lexeme="1" spec="INTEGER"><location begcolumn="13" begline="48" endcolumn="13" endline="48" loc="48.13 - 48.13"/></node><location begcolumn="11" begline="48" endcolumn="13" endline="48" loc="48.11 - 48.13"/></node><location begcolumn="9" begline="48" endcolumn="13" endline="48" loc="48.9 - 48.13"/></node><location begcolumn="9" begline="47" endcolumn="13" endline="48" loc="47.9 - 48.13"/></node><location begcolumn="55" begline="46" endcolumn="7" endline="49" loc="46.55 - 49.7"/></node><location begcolumn="55" begline="46" endcolumn="7" endline="49" loc="46.55 - 49.7"/></node><location begcolumn="7" begline="46" endcolumn="7" endline="49" loc="46.7 - 49.7"/></node><node id="242" label="ExprStmt"><node id="241" label="AtomExpr" lexeme="none" spec="VOID"><location begcolumn="7" begline="50" endcolumn="10" endline="50" loc="50.7 - 50.10"/></node><location begcolumn="7" begline="50" endcolumn="10" endline="50" loc="50.7 - 50.10"/></node><location begcolumn="7" begline="45" endcolumn="10" endline="50" loc="45.7 - 50.10"/></node><location begcolumn="5" begline="44" endcolumn="5" endline="51" loc="44.5 - 51.5"/></node><node id="247" label="{Decls}"><node id="246" label="VarDecl" lexeme="i"><node id="245" label="AtomType" spec="INTEGER"><location begcolumn="13" begline="54" endcolumn="19" endline="54" loc="54.13 - 54.19"/></node><location begcolumn="7" begline="54" endcolumn="19" endline="54" loc="54.7 - 54.19"/></node><location begcolumn="7" begline="54" endcolumn="19" endline="54" loc="54.7 - 54.19"/></node><location begcolumn="5" begline="44" endcolumn="5" endline="55" loc="44.5 - 55.5"/></node><location begcolumn="1" begline="43" endcolumn="5" endline="55" loc="43.1 - 55.5"/></node><node id="305" label="FunDecl" lexeme="fibItr"><node id="252" label="{Pars}"><node id="251" label="ParDecl" lexeme="n"><node id="250" label="AtomType" spec="INTEGER"><location begcolumn="14" begline="59" endcolumn="20" endline="59" loc="59.14 - 59.20"/></node><location begcolumn="12" begline="59" endcolumn="20" endline="59" loc="59.12 - 59.20"/></node><location begcolumn="12" begline="59" endcolumn="20" endline="59" loc="59.12 - 59.20"/></node><node id="253" label="AtomType" spec="INTEGER"><location begcolumn="23" begline="59" endcolumn="29" endline="59" loc="59.23 - 59.29"/></node><node id="304" label="WhereExpr"><node id="296" label="StmtExpr"><node id="295" label="{Stmts}"><node id="256" label="AssignStmt"><node id="254" label="NameExpr" lexeme="f1"><location begcolumn="7" begline="61" endcolumn="8" endline="61" loc="61.7 - 61.8"/></node><node id="255" label="AtomExpr" lexeme="1" spec="INTEGER"><location begcolumn="10" begline="61" endcolumn="10" endline="61" loc="61.10 - 61.10"/></node><location begcolumn="7" begline="61" endcolumn="10" endline="61" loc="61.7 - 61.10"/></node><node id="259" label="AssignStmt"><node id="257" label="NameExpr" lexeme="f2"><location begcolumn="7" begline="62" endcolumn="8" endline="62" loc="62.7 - 62.8"/></node><node id="258" label="AtomExpr" lexeme="1" spec="INTEGER"><location begcolumn="10" begline="62" endcolumn="10" endline="62" loc="62.10 - 62.10"/></node><location begcolumn="7" begline="62" endcolumn="10" endline="62" loc="62.7 - 62.10"/></node><node id="292" label="WhileStmt"><node id="262" label="BinExpr" spec="GTH"><node id="260" label="NameExpr" lexeme="n"><location begcolumn="14" begline="63" endcolumn="14" endline="63" loc="63.14 - 63.14"/></node><node id="261" label="AtomExpr" lexeme="2" spec="INTEGER"><location begcolumn="16" begline="63" endcolumn="16" endline="63" loc="63.16 - 63.16"/></node><location begcolumn="14" begline="63" endcolumn="16" endline="63" loc="63.14 - 63.16"/></node><node id="291" label="ExprStmt"><node id="290" label="StmtExpr"><node id="289" label="{Stmts}"><node id="267" label="AssignStmt"><node id="263" label="NameExpr" lexeme="f1"><location begcolumn="9" begline="64" endcolumn="10" endline="64" loc="64.9 - 64.10"/></node><node id="266" label="BinExpr" spec="ADD"><node id="264" label="NameExpr" lexeme="f1"><location begcolumn="12" begline="64" endcolumn="13" endline="64" loc="64.12 - 64.13"/></node><node id="265" label="NameExpr" lexeme="f2"><location begcolumn="15" begline="64" endcolumn="16" endline="64" loc="64.15 - 64.16"/></node><location begcolumn="12" begline="64" endcolumn="16" endline="64" loc="64.12 - 64.16"/></node><location begcolumn="9" begline="64" endcolumn="16" endline="64" loc="64.9 - 64.16"/></node><node id="283" label="ExprStmt"><node id="282" label="WhereExpr"><node id="278" label="StmtExpr"><node id="277" label="{Stmts}"><node id="270" label="AssignStmt"><node id="268" label="NameExpr" lexeme="tmp"><location begcolumn="11" begline="65" endcolumn="13" endline="65" loc="65.11 - 65.13"/></node><node id="269" label="NameExpr" lexeme="f1"><location begcolumn="15" begline="65" endcolumn="16" endline="65" loc="65.15 - 65.16"/></node><location begcolumn="11" begline="65" endcolumn="16" endline="65" loc="65.11 - 65.16"/></node><node id="273" label="AssignStmt"><node id="271" label="NameExpr" lexeme="f1"><location begcolumn="19" begline="65" endcolumn="20" endline="65" loc="65.19 - 65.20"/></node><node id="272" label="NameExpr" lexeme="f2"><location begcolumn="22" begline="65" endcolumn="23" endline="65" loc="65.22 - 65.23"/></node><location begcolumn="19" begline="65" endcolumn="23" endline="65" loc="65.19 - 65.23"/></node><node id="276" label="AssignStmt"><node id="274" label="NameExpr" lexeme="f2"><location begcolumn="26" begline="65" endcolumn="27" endline="65" loc="65.26 - 65.27"/></node><node id="275" label="NameExpr" lexeme="tmp"><location begcolumn="29" begline="65" endcolumn="31" endline="65" loc="65.29 - 65.31"/></node><location begcolumn="26" begline="65" endcolumn="31" endline="65" loc="65.26 - 65.31"/></node><location begcolumn="11" begline="65" endcolumn="31" endline="65" loc="65.11 - 65.31"/></node><location begcolumn="9" begline="65" endcolumn="34" endline="65" loc="65.9 - 65.34"/></node><node id="281" label="{Decls}"><node id="280" label="VarDecl" lexeme="tmp"><node id="279" label="AtomType" spec="INTEGER"><location begcolumn="52" begline="65" endcolumn="58" endline="65" loc="65.52 - 65.58"/></node><location begcolumn="44" begline="65" endcolumn="58" endline="65" loc="65.44 - 65.58"/></node><location begcolumn="44" begline="65" endcolumn="58" endline="65" loc="65.44 - 65.58"/></node><location begcolumn="9" begline="65" endcolumn="60" endline="65" loc="65.9 - 65.60"/></node><location begcolumn="9" begline="65" endcolumn="60" endline="65" loc="65.9 - 65.60"/></node><node id="288" label="AssignStmt"><node id="284" label="NameExpr" lexeme="n"><location begcolumn="9" begline="66" endcolumn="9" endline="66" loc="66.9 - 66.9"/></node><node id="287" label="BinExpr" spec="SUB"><node id="285" label="NameExpr" lexeme="n"><location begcolumn="11" begline="66" endcolumn="11" endline="66" loc="66.11 - 66.11"/></node><node id="286" label="AtomExpr" lexeme="1" spec="INTEGER"><location begcolumn="13" begline="66" endcolumn="13" endline="66" loc="66.13 - 66.13"/></node><location begcolumn="11" begline="66" endcolumn="13" endline="66" loc="66.11 - 66.13"/></node><location begcolumn="9" begline="66" endcolumn="13" endline="66" loc="66.9 - 66.13"/></node><location begcolumn="9" begline="64" endcolumn="13" endline="66" loc="64.9 - 66.13"/></node><location begcolumn="22" begline="63" endcolumn="7" endline="67" loc="63.22 - 67.7"/></node><location begcolumn="22" begline="63" endcolumn="7" endline="67" loc="63.22 - 67.7"/></node><location begcolumn="7" begline="63" endcolumn="7" endline="67" loc="63.7 - 67.7"/></node><node id="294" label="ExprStmt"><node id="293" label="NameExpr" lexeme="f2"><location begcolumn="7" begline="68" endcolumn="8" endline="68" loc="68.7 - 68.8"/></node><location begcolumn="7" begline="68" endcolumn="8" endline="68" loc="68.7 - 68.8"/></node><location begcolumn="7" begline="61" endcolumn="8" endline="68" loc="61.7 - 68.8"/></node><location begcolumn="5" begline="60" endcolumn="5" endline="69" loc="60.5 - 69.5"/></node><node id="303" label="{Decls}"><node id="298" label="VarDecl" lexeme="f1"><node id="297" label="AtomType" spec="INTEGER"><location begcolumn="14" begline="72" endcolumn="20" endline="72" loc="72.14 - 72.20"/></node><location begcolumn="7" begline="72" endcolumn="20" endline="72" loc="72.7 - 72.20"/></node><node id="300" label="VarDecl" lexeme="f2"><node id="299" label="AtomType" spec="INTEGER"><location begcolumn="14" begline="73" endcolumn="20" endline="73" loc="73.14 - 73.20"/></node><location begcolumn="7" begline="73" endcolumn="20" endline="73" loc="73.7 - 73.20"/></node><node id="302" label="VarDecl" lexeme="f"><node id="301" label="AtomType" spec="INTEGER"><location begcolumn="13" begline="74" endcolumn="19" endline="74" loc="74.13 - 74.19"/></node><location begcolumn="7" begline="74" endcolumn="19" endline="74" loc="74.7 - 74.19"/></node><location begcolumn="7" begline="72" endcolumn="19" endline="74" loc="72.7 - 74.19"/></node><location begcolumn="5" begline="60" endcolumn="5" endline="75" loc="60.5 - 75.5"/></node><location begcolumn="1" begline="59" endcolumn="5" endline="75" loc="59.1 - 75.5"/></node><node id="345" label="FunDecl" lexeme="fibRec"><node id="308" label="{Pars}"><node id="307" label="ParDecl" lexeme="n"><node id="306" label="AtomType" spec="INTEGER"><location begcolumn="14" begline="77" endcolumn="20" endline="77" loc="77.14 - 77.20"/></node><location begcolumn="12" begline="77" endcolumn="20" endline="77" loc="77.12 - 77.20"/></node><location begcolumn="12" begline="77" endcolumn="20" endline="77" loc="77.12 - 77.20"/></node><node id="309" label="AtomType" spec="INTEGER"><location begcolumn="23" begline="77" endcolumn="29" endline="77" loc="77.23 - 77.29"/></node><node id="344" label="WhereExpr"><node id="340" label="StmtExpr"><node id="339" label="{Stmts}"><node id="336" label="IfStmt"><node id="312" label="BinExpr" spec="EQU"><node id="310" label="NameExpr" lexeme="n"><location begcolumn="10" begline="79" endcolumn="10" endline="79" loc="79.10 - 79.10"/></node><node id="311" label="AtomExpr" lexeme="1" spec="INTEGER"><location begcolumn="13" begline="79" endcolumn="13" endline="79" loc="79.13 - 79.13"/></node><location begcolumn="10" begline="79" endcolumn="13" endline="79" loc="79.10 - 79.13"/></node><node id="315" label="AssignStmt"><node id="313" label="NameExpr" lexeme="f"><location begcolumn="20" begline="79" endcolumn="20" endline="79" loc="79.20 - 79.20"/></node><node id="314" label="AtomExpr" lexeme="1" spec="INTEGER"><location begcolumn="22" begline="79" endcolumn="22" endline="79" loc="79.22 - 79.22"/></node><location begcolumn="20" begline="79" endcolumn="22" endline="79" loc="79.20 - 79.22"/></node><node id="335" label="IfStmt"><node id="318" label="BinExpr" spec="EQU"><node id="316" label="NameExpr" lexeme="n"><location begcolumn="10" begline="80" endcolumn="10" endline="80" loc="80.10 - 80.10"/></node><node id="317" label="AtomExpr" lexeme="2" spec="INTEGER"><location begcolumn="13" begline="80" endcolumn="13" endline="80" loc="80.13 - 80.13"/></node><location begcolumn="10" begline="80" endcolumn="13" endline="80" loc="80.10 - 80.13"/></node><node id="321" label="AssignStmt"><node id="319" label="NameExpr" lexeme="f"><location begcolumn="20" begline="80" endcolumn="20" endline="80" loc="80.20 - 80.20"/></node><node id="320" label="AtomExpr" lexeme="1" spec="INTEGER"><location begcolumn="22" begline="80" endcolumn="22" endline="80" loc="80.22 - 80.22"/></node><location begcolumn="20" begline="80" endcolumn="22" endline="80" loc="80.20 - 80.22"/></node><node id="334" label="AssignStmt"><node id="322" label="NameExpr" lexeme="f"><location begcolumn="7" begline="81" endcolumn="7" endline="81" loc="81.7 - 81.7"/></node><node id="333" label="BinExpr" spec="ADD"><node id="327" label="CallExpr" lexeme="fibRec"><node id="326" label="{CallArgs}"><node id="325" label="BinExpr" spec="SUB"><node id="323" label="NameExpr" lexeme="n"><location begcolumn="16" begline="81" endcolumn="16" endline="81" loc="81.16 - 81.16"/></node><node id="324" label="AtomExpr" lexeme="2" spec="INTEGER"><location begcolumn="18" begline="81" endcolumn="18" endline="81" loc="81.18 - 81.18"/></node><location begcolumn="16" begline="81" endcolumn="18" endline="81" loc="81.16 - 81.18"/></node><location begcolumn="16" begline="81" endcolumn="18" endline="81" loc="81.16 - 81.18"/></node><location begcolumn="9" begline="81" endcolumn="19" endline="81" loc="81.9 - 81.19"/></node><node id="332" label="CallExpr" lexeme="fibRec"><node id="331" label="{CallArgs}"><node id="330" label="BinExpr" spec="SUB"><node id="328" label="NameExpr" lexeme="n"><location begcolumn="28" begline="81" endcolumn="28" endline="81" loc="81.28 - 81.28"/></node><node id="329" label="AtomExpr" lexeme="1" spec="INTEGER"><location begcolumn="30" begline="81" endcolumn="30" endline="81" loc="81.30 - 81.30"/></node><location begcolumn="28" begline="81" endcolumn="30" endline="81" loc="81.28 - 81.30"/></node><location begcolumn="28" begline="81" endcolumn="30" endline="81" loc="81.28 - 81.30"/></node><location begcolumn="21" begline="81" endcolumn="31" endline="81" loc="81.21 - 81.31"/></node><location begcolumn="9" begline="81" endcolumn="31" endline="81" loc="81.9 - 81.31"/></node><location begcolumn="7" begline="81" endcolumn="31" endline="81" loc="81.7 - 81.31"/></node><location begcolumn="7" begline="80" endcolumn="31" endline="81" loc="80.7 - 81.31"/></node><location begcolumn="7" begline="79" endcolumn="31" endline="81" loc="79.7 - 81.31"/></node><node id="338" label="ExprStmt"><node id="337" label="NameExpr" lexeme="f"><location begcolumn="7" begline="82" endcolumn="7" endline="82" loc="82.7 - 82.7"/></node><location begcolumn="7" begline="82" endcolumn="7" endline="82" loc="82.7 - 82.7"/></node><location begcolumn="7" begline="79" endcolumn="7" endline="82" loc="79.7 - 82.7"/></node><location begcolumn="5" begline="78" endcolumn="5" endline="83" loc="78.5 - 83.5"/></node><node id="343" label="{Decls}"><node id="342" label="VarDecl" lexeme="f"><node id="341" label="AtomType" spec="INTEGER"><location begcolumn="13" begline="86" endcolumn="19" endline="86" loc="86.13 - 86.19"/></node><location begcolumn="7" begline="86" endcolumn="19" endline="86" loc="86.7 - 86.19"/></node><location begcolumn="7" begline="86" endcolumn="19" endline="86" loc="86.7 - 86.19"/></node><location begcolumn="5" begline="78" endcolumn="5" endline="87" loc="78.5 - 87.5"/></node><location begcolumn="1" begline="77" endcolumn="5" endline="87" loc="77.1 - 87.5"/></node><node id="384" label="FunDecl" lexeme="main"><node id="347" label="AtomType" spec="INTEGER"><location begcolumn="12" begline="89" endcolumn="18" endline="89" loc="89.12 - 89.18"/></node><node id="383" label="WhereExpr"><node id="379" label="StmtExpr"><node id="378" label="{Stmts}"><node id="351" label="AssignStmt"><node id="348" label="NameExpr" lexeme="n"><location begcolumn="7" begline="91" endcolumn="7" endline="91" loc="91.7 - 91.7"/></node><node id="350" label="CallExpr" lexeme="getInteger"><location begcolumn="9" begline="91" endcolumn="20" endline="91" loc="91.9 - 91.20"/></node><location begcolumn="7" begline="91" endcolumn="20" endline="91" loc="91.7 - 91.20"/></node><node id="357" label="ExprStmt"><node id="356" label="CallExpr" lexeme="putInteger"><node id="355" label="{CallArgs}"><node id="354" label="CallExpr" lexeme="fibItr"><node id="353" label="{CallArgs}"><node id="352" label="NameExpr" lexeme="n"><location begcolumn="25" begline="92" endcolumn="25" endline="92" loc="92.25 - 92.25"/></node><location begcolumn="25" begline="92" endcolumn="25" endline="92" loc="92.25 - 92.25"/></node><location begcolumn="18" begline="92" endcolumn="26" endline="92" loc="92.18 - 92.26"/></node><location begcolumn="18" begline="92" endcolumn="26" endline="92" loc="92.18 - 92.26"/></node><location begcolumn="7" begline="92" endcolumn="27" endline="92" loc="92.7 - 92.27"/></node><location begcolumn="7" begline="92" endcolumn="27" endline="92" loc="92.7 - 92.27"/></node><node id="363" label="ExprStmt"><node id="362" label="CallExpr" lexeme="putChar"><node id="361" label="{CallArgs}"><node id="360" label="CastExpr"><node id="358" label="AtomExpr" lexeme="10" spec="INTEGER"><location begcolumn="16" begline="93" endcolumn="17" endline="93" loc="93.16 - 93.17"/></node><node id="359" label="AtomType" spec="CHAR"><location begcolumn="19" begline="93" endcolumn="22" endline="93" loc="93.19 - 93.22"/></node><location begcolumn="15" begline="93" endcolumn="23" endline="93" loc="93.15 - 93.23"/></node><location begcolumn="15" begline="93" endcolumn="23" endline="93" loc="93.15 - 93.23"/></node><location begcolumn="7" begline="93" endcolumn="24" endline="93" loc="93.7 - 93.24"/></node><location begcolumn="7" begline="93" endcolumn="24" endline="93" loc="93.7 - 93.24"/></node><node id="369" label="ExprStmt"><node id="368" label="CallExpr" lexeme="putInteger"><node id="367" label="{CallArgs}"><node id="366" label="CallExpr" lexeme="fibRec"><node id="365" label="{CallArgs}"><node id="364" label="NameExpr" lexeme="n"><location begcolumn="25" begline="94" endcolumn="25" endline="94" loc="94.25 - 94.25"/></node><location begcolumn="25" begline="94" endcolumn="25" endline="94" loc="94.25 - 94.25"/></node><location begcolumn="18" begline="94" endcolumn="26" endline="94" loc="94.18 - 94.26"/></node><location begcolumn="18" begline="94" endcolumn="26" endline="94" loc="94.18 - 94.26"/></node><location begcolumn="7" begline="94" endcolumn="27" endline="94" loc="94.7 - 94.27"/></node><location begcolumn="7" begline="94" endcolumn="27" endline="94" loc="94.7 - 94.27"/></node><node id="375" label="ExprStmt"><node id="374" label="CallExpr" lexeme="putChar"><node id="373" label="{CallArgs}"><node id="372" label="CastExpr"><node id="370" label="AtomExpr" lexeme="10" spec="INTEGER"><location begcolumn="16" begline="95" endcolumn="17" endline="95" loc="95.16 - 95.17"/></node><node id="371" label="AtomType" spec="CHAR"><location begcolumn="19" begline="95" endcolumn="22" endline="95" loc="95.19 - 95.22"/></node><location begcolumn="15" begline="95" endcolumn="23" endline="95" loc="95.15 - 95.23"/></node><location begcolumn="15" begline="95" endcolumn="23" endline="95" loc="95.15 - 95.23"/></node><location begcolumn="7" begline="95" endcolumn="24" endline="95" loc="95.7 - 95.24"/></node><location begcolumn="7" begline="95" endcolumn="24" endline="95" loc="95.7 - 95.24"/></node><node id="377" label="ExprStmt"><node id="376" label="AtomExpr" lexeme="0" spec="INTEGER"><location begcolumn="7" begline="96" endcolumn="7" endline="96" loc="96.7 - 96.7"/></node><location begcolumn="7" begline="96" endcolumn="7" endline="96" loc="96.7 - 96.7"/></node><location begcolumn="7" begline="91" endcolumn="7" endline="96" loc="91.7 - 96.7"/></node><location begcolumn="5" begline="90" endcolumn="5" endline="97" loc="90.5 - 97.5"/></node><node id="382" label="{Decls}"><node id="381" label="VarDecl" lexeme="n"><node id="380" label="AtomType" spec="INTEGER"><location begcolumn="13" begline="100" endcolumn="19" endline="100" loc="100.13 - 100.19"/></node><location begcolumn="7" begline="100" endcolumn="19" endline="100" loc="100.7 - 100.19"/></node><location begcolumn="7" begline="100" endcolumn="19" endline="100" loc="100.7 - 100.19"/></node><location begcolumn="5" begline="90" endcolumn="5" endline="101" loc="90.5 - 101.5"/></node><location begcolumn="1" begline="89" endcolumn="5" endline="101" loc="89.1 - 101.5"/></node><location begcolumn="1" begline="1" endcolumn="5" endline="101" loc="1.1 - 101.5"/></node></abstr>