<?xml version="1.0" encoding="UTF-8" standalone="no"?><?xml-stylesheet type="text/xsl" href="../lib/xsl/lexan.xsl"?><lexan><term lexeme="fun" token="KEYWORD_FUN"><location begcolumn="1" begline="1" endcolumn="3" endline="1" loc="1.1 - 1.3"/></term><term lexeme="exit" token="IDENTIFIER"><location begcolumn="5" begline="1" endcolumn="8" endline="1" loc="1.5 - 1.8"/></term><term lexeme="(" token="SYMBOL_LBR"><location begcolumn="9" begline="1" endcolumn="9" endline="1" loc="1.9 - 1.9"/></term><term lexeme=")" token="SYMBOL_RBR"><location begcolumn="10" begline="1" endcolumn="10" endline="1" loc="1.10 - 1.10"/></term><term lexeme=":" token="SYMBOL_COLON"><location begcolumn="11" begline="1" endcolumn="11" endline="1" loc="1.11 - 1.11"/></term><term lexeme="void" token="KEYWORD_VOID"><location begcolumn="12" begline="1" endcolumn="15" endline="1" loc="1.12 - 1.15"/></term><term lexeme="=" token="SYMBOL_EQUALS"><location begcolumn="17" begline="1" endcolumn="17" endline="1" loc="1.17 - 1.17"/></term><term lexeme="none" token="VOID"><location begcolumn="19" begline="1" endcolumn="22" endline="1" loc="1.19 - 1.22"/></term><term lexeme="fun" token="KEYWORD_FUN"><location begcolumn="1" begline="2" endcolumn="3" endline="2" loc="2.1 - 2.3"/></term><term lexeme="putChar" token="IDENTIFIER"><location begcolumn="5" begline="2" endcolumn="11" endline="2" loc="2.5 - 2.11"/></term><term lexeme="(" token="SYMBOL_LBR"><location begcolumn="12" begline="2" endcolumn="12" endline="2" loc="2.12 - 2.12"/></term><term lexeme="c" token="IDENTIFIER"><location begcolumn="13" begline="2" endcolumn="13" endline="2" loc="2.13 - 2.13"/></term><term lexeme=":" token="SYMBOL_COLON"><location begcolumn="14" begline="2" endcolumn="14" endline="2" loc="2.14 - 2.14"/></term><term lexeme="char" token="KEYWORD_CHAR"><location begcolumn="15" begline="2" endcolumn="18" endline="2" loc="2.15 - 2.18"/></term><term lexeme=")" token="SYMBOL_RBR"><location begcolumn="19" begline="2" endcolumn="19" endline="2" loc="2.19 - 2.19"/></term><term lexeme=":" token="SYMBOL_COLON"><location begcolumn="20" begline="2" endcolumn="20" endline="2" loc="2.20 - 2.20"/></term><term lexeme="void" token="KEYWORD_VOID"><location begcolumn="21" begline="2" endcolumn="24" endline="2" loc="2.21 - 2.24"/></term><term lexeme="=" token="SYMBOL_EQUALS"><location begcolumn="26" begline="2" endcolumn="26" endline="2" loc="2.26 - 2.26"/></term><term lexeme="none" token="VOID"><location begcolumn="28" begline="2" endcolumn="31" endline="2" loc="2.28 - 2.31"/></term><term lexeme="fun" token="KEYWORD_FUN"><location begcolumn="1" begline="3" endcolumn="3" endline="3" loc="3.1 - 3.3"/></term><term lexeme="getChar" token="IDENTIFIER"><location begcolumn="5" begline="3" endcolumn="11" endline="3" loc="3.5 - 3.11"/></term><term lexeme="(" token="SYMBOL_LBR"><location begcolumn="12" begline="3" endcolumn="12" endline="3" loc="3.12 - 3.12"/></term><term lexeme=")" token="SYMBOL_RBR"><location begcolumn="13" begline="3" endcolumn="13" endline="3" loc="3.13 - 3.13"/></term><term lexeme=":" token="SYMBOL_COLON"><location begcolumn="14" begline="3" endcolumn="14" endline="3" loc="3.14 - 3.14"/></term><term lexeme="char" token="KEYWORD_CHAR"><location begcolumn="15" begline="3" endcolumn="18" endline="3" loc="3.15 - 3.18"/></term><term lexeme="=" token="SYMBOL_EQUALS"><location begcolumn="20" begline="3" endcolumn="20" endline="3" loc="3.20 - 3.20"/></term><term lexeme="(" token="SYMBOL_LBR"><location begcolumn="22" begline="3" endcolumn="22" endline="3" loc="3.22 - 3.22"/></term><term lexeme="0" token="INTEGER"><location begcolumn="23" begline="3" endcolumn="23" endline="3" loc="3.23 - 3.23"/></term><term lexeme=":" token="SYMBOL_COLON"><location begcolumn="24" begline="3" endcolumn="24" endline="3" loc="3.24 - 3.24"/></term><term lexeme="char" token="KEYWORD_CHAR"><location begcolumn="25" begline="3" endcolumn="28" endline="3" loc="3.25 - 3.28"/></term><term lexeme=")" token="SYMBOL_RBR"><location begcolumn="29" begline="3" endcolumn="29" endline="3" loc="3.29 - 3.29"/></term><term lexeme="fun" token="KEYWORD_FUN"><location begcolumn="1" begline="5" endcolumn="3" endline="5" loc="5.1 - 5.3"/></term><term lexeme="putInteger" token="IDENTIFIER"><location begcolumn="5" begline="5" endcolumn="14" endline="5" loc="5.5 - 5.14"/></term><term lexeme="(" token="SYMBOL_LBR"><location begcolumn="15" begline="5" endcolumn="15" endline="5" loc="5.15 - 5.15"/></term><term lexeme="i" token="IDENTIFIER"><location begcolumn="16" begline="5" endcolumn="16" endline="5" loc="5.16 - 5.16"/></term><term lexeme=":" token="SYMBOL_COLON"><location begcolumn="17" begline="5" endcolumn="17" endline="5" loc="5.17 - 5.17"/></term><term lexeme="integer" token="KEYWORD_INT"><location begcolumn="18" begline="5" endcolumn="24" endline="5" loc="5.18 - 5.24"/></term><term lexeme=")" token="SYMBOL_RBR"><location begcolumn="25" begline="5" endcolumn="25" endline="5" loc="5.25 - 5.25"/></term><term lexeme=":" token="SYMBOL_COLON"><location begcolumn="26" begline="5" endcolumn="26" endline="5" loc="5.26 - 5.26"/></term><term lexeme="void" token="KEYWORD_VOID"><location begcolumn="27" begline="5" endcolumn="30" endline="5" loc="5.27 - 5.30"/></term><term lexeme="=" token="SYMBOL_EQUALS"><location begcolumn="32" begline="5" endcolumn="32" endline="5" loc="5.32 - 5.32"/></term><term lexeme="{" token="SYMBOL_LCBR"><location begcolumn="5" begline="6" endcolumn="5" endline="6" loc="6.5 - 6.5"/></term><term lexeme="if" token="KEYWORD_IF"><location begcolumn="7" begline="7" endcolumn="8" endline="7" loc="7.7 - 7.8"/></term><term lexeme="(" token="SYMBOL_LBR"><location begcolumn="10" begline="7" endcolumn="10" endline="7" loc="7.10 - 7.10"/></term><term lexeme="i" token="IDENTIFIER"><location begcolumn="11" begline="7" endcolumn="11" endline="7" loc="7.11 - 7.11"/></term><term lexeme="&lt;" token="SYMBOL_LT"><location begcolumn="12" begline="7" endcolumn="12" endline="7" loc="7.12 - 7.12"/></term><term lexeme="0" token="INTEGER"><location begcolumn="13" begline="7" endcolumn="13" endline="7" loc="7.13 - 7.13"/></term><term lexeme=")" token="SYMBOL_RBR"><location begcolumn="14" begline="7" endcolumn="14" endline="7" loc="7.14 - 7.14"/></term><term lexeme="then" token="KEYWORD_THEN"><location begcolumn="16" begline="7" endcolumn="19" endline="7" loc="7.16 - 7.19"/></term><term lexeme="{" token="SYMBOL_LCBR"><location begcolumn="21" begline="7" endcolumn="21" endline="7" loc="7.21 - 7.21"/></term><term lexeme="putChar" token="IDENTIFIER"><location begcolumn="23" begline="7" endcolumn="29" endline="7" loc="7.23 - 7.29"/></term><term lexeme="(" token="SYMBOL_LBR"><location begcolumn="30" begline="7" endcolumn="30" endline="7" loc="7.30 - 7.30"/></term><term lexeme="'-'" token="CHAR"><location begcolumn="31" begline="7" endcolumn="33" endline="7" loc="7.31 - 7.33"/></term><term lexeme=")" token="SYMBOL_RBR"><location begcolumn="34" begline="7" endcolumn="34" endline="7" loc="7.34 - 7.34"/></term><term lexeme=";" token="SYMBOL_SEMIC"><location begcolumn="35" begline="7" endcolumn="35" endline="7" loc="7.35 - 7.35"/></term><term lexeme="i" token="IDENTIFIER"><location begcolumn="37" begline="7" endcolumn="37" endline="7" loc="7.37 - 7.37"/></term><term lexeme="=" token="SYMBOL_EQUALS"><location begcolumn="38" begline="7" endcolumn="38" endline="7" loc="7.38 - 7.38"/></term><term lexeme="-" token="SYMBOL_MIN"><location begcolumn="39" begline="7" endcolumn="39" endline="7" loc="7.39 - 7.39"/></term><term lexeme="i" token="IDENTIFIER"><location begcolumn="40" begline="7" endcolumn="40" endline="7" loc="7.40 - 7.40"/></term><term lexeme=";" token="SYMBOL_SEMIC"><location begcolumn="41" begline="7" endcolumn="41" endline="7" loc="7.41 - 7.41"/></term><term lexeme="}" token="SYMBOL_RCBR"><location begcolumn="43" begline="7" endcolumn="43" endline="7" loc="7.43 - 7.43"/></term><term lexeme="else" token="KEYWORD_ELSE"><location begcolumn="45" begline="7" endcolumn="48" endline="7" loc="7.45 - 7.48"/></term><term lexeme="none" token="VOID"><location begcolumn="50" begline="7" endcolumn="53" endline="7" loc="7.50 - 7.53"/></term><term lexeme=";" token="SYMBOL_SEMIC"><location begcolumn="54" begline="7" endcolumn="54" endline="7" loc="7.54 - 7.54"/></term><term lexeme="if" token="KEYWORD_IF"><location begcolumn="7" begline="8" endcolumn="8" endline="8" loc="8.7 - 8.8"/></term><term lexeme="(" token="SYMBOL_LBR"><location begcolumn="10" begline="8" endcolumn="10" endline="8" loc="8.10 - 8.10"/></term><term lexeme="i" token="IDENTIFIER"><location begcolumn="11" begline="8" endcolumn="11" endline="8" loc="8.11 - 8.11"/></term><term lexeme="==" token="SYMBOL_EQ"><location begcolumn="12" begline="8" endcolumn="13" endline="8" loc="8.12 - 8.13"/></term><term lexeme="0" token="INTEGER"><location begcolumn="14" begline="8" endcolumn="14" endline="8" loc="8.14 - 8.14"/></term><term lexeme=")" token="SYMBOL_RBR"><location begcolumn="15" begline="8" endcolumn="15" endline="8" loc="8.15 - 8.15"/></term><term lexeme="then" token="KEYWORD_THEN"><location begcolumn="17" begline="8" endcolumn="20" endline="8" loc="8.17 - 8.20"/></term><term lexeme="putChar" token="IDENTIFIER"><location begcolumn="22" begline="8" endcolumn="28" endline="8" loc="8.22 - 8.28"/></term><term lexeme="(" token="SYMBOL_LBR"><location begcolumn="29" begline="8" endcolumn="29" endline="8" loc="8.29 - 8.29"/></term><term lexeme="'0'" token="CHAR"><location begcolumn="30" begline="8" endcolumn="32" endline="8" loc="8.30 - 8.32"/></term><term lexeme=")" token="SYMBOL_RBR"><location begcolumn="33" begline="8" endcolumn="33" endline="8" loc="8.33 - 8.33"/></term><term lexeme="else" token="KEYWORD_ELSE"><location begcolumn="35" begline="8" endcolumn="38" endline="8" loc="8.35 - 8.38"/></term><term lexeme="put" token="IDENTIFIER"><location begcolumn="40" begline="8" endcolumn="42" endline="8" loc="8.40 - 8.42"/></term><term lexeme="(" token="SYMBOL_LBR"><location begcolumn="43" begline="8" endcolumn="43" endline="8" loc="8.43 - 8.43"/></term><term lexeme="i" token="IDENTIFIER"><location begcolumn="44" begline="8" endcolumn="44" endline="8" loc="8.44 - 8.44"/></term><term lexeme=")" token="SYMBOL_RBR"><location begcolumn="45" begline="8" endcolumn="45" endline="8" loc="8.45 - 8.45"/></term><term lexeme=";" token="SYMBOL_SEMIC"><location begcolumn="46" begline="8" endcolumn="46" endline="8" loc="8.46 - 8.46"/></term><term lexeme="}" token="SYMBOL_RCBR"><location begcolumn="5" begline="9" endcolumn="5" endline="9" loc="9.5 - 9.5"/></term><term lexeme="where" token="KEYWORD_WHERE"><location begcolumn="5" begline="10" endcolumn="9" endline="10" loc="10.5 - 10.9"/></term><term lexeme="{" token="SYMBOL_LCBR"><location begcolumn="5" begline="11" endcolumn="5" endline="11" loc="11.5 - 11.5"/></term><term lexeme="fun" token="KEYWORD_FUN"><location begcolumn="7" begline="12" endcolumn="9" endline="12" loc="12.7 - 12.9"/></term><term lexeme="put" token="IDENTIFIER"><location begcolumn="11" begline="12" endcolumn="13" endline="12" loc="12.11 - 12.13"/></term><term lexeme="(" token="SYMBOL_LBR"><location begcolumn="14" begline="12" endcolumn="14" endline="12" loc="12.14 - 12.14"/></term><term lexeme="i" token="IDENTIFIER"><location begcolumn="15" begline="12" endcolumn="15" endline="12" loc="12.15 - 12.15"/></term><term lexeme=":" token="SYMBOL_COLON"><location begcolumn="16" begline="12" endcolumn="16" endline="12" loc="12.16 - 12.16"/></term><term lexeme="integer" token="KEYWORD_INT"><location begcolumn="17" begline="12" endcolumn="23" endline="12" loc="12.17 - 12.23"/></term><term lexeme=")" token="SYMBOL_RBR"><location begcolumn="24" begline="12" endcolumn="24" endline="12" loc="12.24 - 12.24"/></term><term lexeme=":" token="SYMBOL_COLON"><location begcolumn="25" begline="12" endcolumn="25" endline="12" loc="12.25 - 12.25"/></term><term lexeme="void" token="KEYWORD_VOID"><location begcolumn="26" begline="12" endcolumn="29" endline="12" loc="12.26 - 12.29"/></term><term lexeme="=" token="SYMBOL_EQUALS"><location begcolumn="31" begline="12" endcolumn="31" endline="12" loc="12.31 - 12.31"/></term><term lexeme="{" token="SYMBOL_LCBR"><location begcolumn="11" begline="13" endcolumn="11" endline="13" loc="13.11 - 13.11"/></term><term lexeme="if" token="KEYWORD_IF"><location begcolumn="13" begline="14" endcolumn="14" endline="14" loc="14.13 - 14.14"/></term><term lexeme="(" token="SYMBOL_LBR"><location begcolumn="16" begline="14" endcolumn="16" endline="14" loc="14.16 - 14.16"/></term><term lexeme="i" token="IDENTIFIER"><location begcolumn="17" begline="14" endcolumn="17" endline="14" loc="14.17 - 14.17"/></term><term lexeme="==" token="SYMBOL_EQ"><location begcolumn="18" begline="14" endcolumn="19" endline="14" loc="14.18 - 14.19"/></term><term lexeme="0" token="INTEGER"><location begcolumn="20" begline="14" endcolumn="20" endline="14" loc="14.20 - 14.20"/></term><term lexeme=")" token="SYMBOL_RBR"><location begcolumn="21" begline="14" endcolumn="21" endline="14" loc="14.21 - 14.21"/></term><term lexeme="then" token="KEYWORD_THEN"><location begcolumn="23" begline="14" endcolumn="26" endline="14" loc="14.23 - 14.26"/></term><term lexeme="none" token="VOID"><location begcolumn="28" begline="14" endcolumn="31" endline="14" loc="14.28 - 14.31"/></term><term lexeme="else" token="KEYWORD_ELSE"><location begcolumn="33" begline="14" endcolumn="36" endline="14" loc="14.33 - 14.36"/></term><term lexeme="{" token="SYMBOL_LCBR"><location begcolumn="38" begline="14" endcolumn="38" endline="14" loc="14.38 - 14.38"/></term><term lexeme="put" token="IDENTIFIER"><location begcolumn="15" begline="15" endcolumn="17" endline="15" loc="15.15 - 15.17"/></term><term lexeme="(" token="SYMBOL_LBR"><location begcolumn="18" begline="15" endcolumn="18" endline="15" loc="15.18 - 15.18"/></term><term lexeme="i" token="IDENTIFIER"><location begcolumn="19" begline="15" endcolumn="19" endline="15" loc="15.19 - 15.19"/></term><term lexeme="/" token="SYMBOL_SLASH"><location begcolumn="20" begline="15" endcolumn="20" endline="15" loc="15.20 - 15.20"/></term><term lexeme="10" token="INTEGER"><location begcolumn="21" begline="15" endcolumn="22" endline="15" loc="15.21 - 15.22"/></term><term lexeme=")" token="SYMBOL_RBR"><location begcolumn="23" begline="15" endcolumn="23" endline="15" loc="15.23 - 15.23"/></term><term lexeme=";" token="SYMBOL_SEMIC"><location begcolumn="24" begline="15" endcolumn="24" endline="15" loc="15.24 - 15.24"/></term><term lexeme="putChar" token="IDENTIFIER"><location begcolumn="15" begline="16" endcolumn="21" endline="16" loc="16.15 - 16.21"/></term><term lexeme="(" token="SYMBOL_LBR"><location begcolumn="22" begline="16" endcolumn="22" endline="16" loc="16.22 - 16.22"/></term><term lexeme="(" token="SYMBOL_LBR"><location begcolumn="23" begline="16" endcolumn="23" endline="16" loc="16.23 - 16.23"/></term><term lexeme="(" token="SYMBOL_LBR"><location begcolumn="24" begline="16" endcolumn="24" endline="16" loc="16.24 - 16.24"/></term><term lexeme="i" token="IDENTIFIER"><location begcolumn="25" begline="16" endcolumn="25" endline="16" loc="16.25 - 16.25"/></term><term lexeme="%" token="SYMBOL_MOD"><location begcolumn="26" begline="16" endcolumn="26" endline="16" loc="16.26 - 16.26"/></term><term lexeme="10" token="INTEGER"><location begcolumn="27" begline="16" endcolumn="28" endline="16" loc="16.27 - 16.28"/></term><term lexeme="+" token="SYMBOL_PLUS"><location begcolumn="29" begline="16" endcolumn="29" endline="16" loc="16.29 - 16.29"/></term><term lexeme="(" token="SYMBOL_LBR"><location begcolumn="30" begline="16" endcolumn="30" endline="16" loc="16.30 - 16.30"/></term><term lexeme="'0'" token="CHAR"><location begcolumn="31" begline="16" endcolumn="33" endline="16" loc="16.31 - 16.33"/></term><term lexeme=":" token="SYMBOL_COLON"><location begcolumn="34" begline="16" endcolumn="34" endline="16" loc="16.34 - 16.34"/></term><term lexeme="integer" token="KEYWORD_INT"><location begcolumn="35" begline="16" endcolumn="41" endline="16" loc="16.35 - 16.41"/></term><term lexeme=")" token="SYMBOL_RBR"><location begcolumn="42" begline="16" endcolumn="42" endline="16" loc="16.42 - 16.42"/></term><term lexeme=")" token="SYMBOL_RBR"><location begcolumn="43" begline="16" endcolumn="43" endline="16" loc="16.43 - 16.43"/></term><term lexeme=":" token="SYMBOL_COLON"><location begcolumn="44" begline="16" endcolumn="44" endline="16" loc="16.44 - 16.44"/></term><term lexeme="char" token="KEYWORD_CHAR"><location begcolumn="45" begline="16" endcolumn="48" endline="16" loc="16.45 - 16.48"/></term><term lexeme=")" token="SYMBOL_RBR"><location begcolumn="49" begline="16" endcolumn="49" endline="16" loc="16.49 - 16.49"/></term><term lexeme=")" token="SYMBOL_RBR"><location begcolumn="50" begline="16" endcolumn="50" endline="16" loc="16.50 - 16.50"/></term><term lexeme=";" token="SYMBOL_SEMIC"><location begcolumn="51" begline="16" endcolumn="51" endline="16" loc="16.51 - 16.51"/></term><term lexeme="}" token="SYMBOL_RCBR"><location begcolumn="13" begline="17" endcolumn="13" endline="17" loc="17.13 - 17.13"/></term><term lexeme=";" token="SYMBOL_SEMIC"><location begcolumn="14" begline="17" endcolumn="14" endline="17" loc="17.14 - 17.14"/></term><term lexeme="}" token="SYMBOL_RCBR"><location begcolumn="11" begline="18" endcolumn="11" endline="18" loc="18.11 - 18.11"/></term><term lexeme="}" token="SYMBOL_RCBR"><location begcolumn="5" begline="19" endcolumn="5" endline="19" loc="19.5 - 19.5"/></term><term lexeme="fun" token="KEYWORD_FUN"><location begcolumn="1" begline="21" endcolumn="3" endline="21" loc="21.1 - 21.3"/></term><term lexeme="getInteger" token="IDENTIFIER"><location begcolumn="5" begline="21" endcolumn="14" endline="21" loc="21.5 - 21.14"/></term><term lexeme="(" token="SYMBOL_LBR"><location begcolumn="15" begline="21" endcolumn="15" endline="21" loc="21.15 - 21.15"/></term><term lexeme=")" token="SYMBOL_RBR"><location begcolumn="16" begline="21" endcolumn="16" endline="21" loc="21.16 - 21.16"/></term><term lexeme=":" token="SYMBOL_COLON"><location begcolumn="17" begline="21" endcolumn="17" endline="21" loc="21.17 - 21.17"/></term><term lexeme="integer" token="KEYWORD_INT"><location begcolumn="18" begline="21" endcolumn="24" endline="21" loc="21.18 - 21.24"/></term><term lexeme="=" token="SYMBOL_EQUALS"><location begcolumn="26" begline="21" endcolumn="26" endline="21" loc="21.26 - 21.26"/></term><term lexeme="{" token="SYMBOL_LCBR"><location begcolumn="5" begline="22" endcolumn="5" endline="22" loc="22.5 - 22.5"/></term><term lexeme="sign" token="IDENTIFIER"><location begcolumn="7" begline="23" endcolumn="10" endline="23" loc="23.7 - 23.10"/></term><term lexeme="=" token="SYMBOL_EQUALS"><location begcolumn="11" begline="23" endcolumn="11" endline="23" loc="23.11 - 23.11"/></term><term lexeme="1" token="INTEGER"><location begcolumn="12" begline="23" endcolumn="12" endline="23" loc="23.12 - 23.12"/></term><term lexeme=";" token="SYMBOL_SEMIC"><location begcolumn="13" begline="23" endcolumn="13" endline="23" loc="23.13 - 23.13"/></term><term lexeme="val" token="IDENTIFIER"><location begcolumn="7" begline="24" endcolumn="9" endline="24" loc="24.7 - 24.9"/></term><term lexeme="=" token="SYMBOL_EQUALS"><location begcolumn="10" begline="24" endcolumn="10" endline="24" loc="24.10 - 24.10"/></term><term lexeme="0" token="INTEGER"><location begcolumn="11" begline="24" endcolumn="11" endline="24" loc="24.11 - 24.11"/></term><term lexeme=";" token="SYMBOL_SEMIC"><location begcolumn="12" begline="24" endcolumn="12" endline="24" loc="24.12 - 24.12"/></term><term lexeme="c" token="IDENTIFIER"><location begcolumn="7" begline="25" endcolumn="7" endline="25" loc="25.7 - 25.7"/></term><term lexeme="=" token="SYMBOL_EQUALS"><location begcolumn="9" begline="25" endcolumn="9" endline="25" loc="25.9 - 25.9"/></term><term lexeme="getChar" token="IDENTIFIER"><location begcolumn="11" begline="25" endcolumn="17" endline="25" loc="25.11 - 25.17"/></term><term lexeme="(" token="SYMBOL_LBR"><location begcolumn="18" begline="25" endcolumn="18" endline="25" loc="25.18 - 25.18"/></term><term lexeme=")" token="SYMBOL_RBR"><location begcolumn="19" begline="25" endcolumn="19" endline="25" loc="25.19 - 25.19"/></term><term lexeme=";" token="SYMBOL_SEMIC"><location begcolumn="20" begline="25" endcolumn="20" endline="25" loc="25.20 - 25.20"/></term><term lexeme="if" token="KEYWORD_IF"><location begcolumn="7" begline="26" endcolumn="8" endline="26" loc="26.7 - 26.8"/></term><term lexeme="(" token="SYMBOL_LBR"><location begcolumn="10" begline="26" endcolumn="10" endline="26" loc="26.10 - 26.10"/></term><term lexeme="c" token="IDENTIFIER"><location begcolumn="11" begline="26" endcolumn="11" endline="26" loc="26.11 - 26.11"/></term><term lexeme="==" token="SYMBOL_EQ"><location begcolumn="12" begline="26" endcolumn="13" endline="26" loc="26.12 - 26.13"/></term><term lexeme="'+'" token="CHAR"><location begcolumn="14" begline="26" endcolumn="16" endline="26" loc="26.14 - 26.16"/></term><term lexeme=")" token="SYMBOL_RBR"><location begcolumn="17" begline="26" endcolumn="17" endline="26" loc="26.17 - 26.17"/></term><term lexeme="then" token="KEYWORD_THEN"><location begcolumn="19" begline="26" endcolumn="22" endline="26" loc="26.19 - 26.22"/></term><term lexeme="{" token="SYMBOL_LCBR"><location begcolumn="24" begline="26" endcolumn="24" endline="26" loc="26.24 - 26.24"/></term><term lexeme="sign" token="IDENTIFIER"><location begcolumn="26" begline="26" endcolumn="29" endline="26" loc="26.26 - 26.29"/></term><term lexeme="=" token="SYMBOL_EQUALS"><location begcolumn="30" begline="26" endcolumn="30" endline="26" loc="26.30 - 26.30"/></term><term lexeme="+" token="SYMBOL_PLUS"><location begcolumn="31" begline="26" endcolumn="31" endline="26" loc="26.31 - 26.31"/></term><term lexeme="1" token="INTEGER"><location begcolumn="32" begline="26" endcolumn="32" endline="26" loc="26.32 - 26.32"/></term><term lexeme=";" token="SYMBOL_SEMIC"><location begcolumn="33" begline="26" endcolumn="33" endline="26" loc="26.33 - 26.33"/></term><term lexeme="c" token="IDENTIFIER"><location begcolumn="35" begline="26" endcolumn="35" endline="26" loc="26.35 - 26.35"/></term><term lexeme="=" token="SYMBOL_EQUALS"><location begcolumn="36" begline="26" endcolumn="36" endline="26" loc="26.36 - 26.36"/></term><term lexeme="'0'" token="CHAR"><location begcolumn="37" begline="26" endcolumn="39" endline="26" loc="26.37 - 26.39"/></term><term lexeme=";" token="SYMBOL_SEMIC"><location begcolumn="40" begline="26" endcolumn="40" endline="26" loc="26.40 - 26.40"/></term><term lexeme="}" token="SYMBOL_RCBR"><location begcolumn="42" begline="26" endcolumn="42" endline="26" loc="26.42 - 26.42"/></term><term lexeme="else" token="KEYWORD_ELSE"><location begcolumn="44" begline="26" endcolumn="47" endline="26" loc="26.44 - 26.47"/></term><term lexeme="if" token="KEYWORD_IF"><location begcolumn="7" begline="27" endcolumn="8" endline="27" loc="27.7 - 27.8"/></term><term lexeme="(" token="SYMBOL_LBR"><location begcolumn="10" begline="27" endcolumn="10" endline="27" loc="27.10 - 27.10"/></term><term lexeme="c" token="IDENTIFIER"><location begcolumn="11" begline="27" endcolumn="11" endline="27" loc="27.11 - 27.11"/></term><term lexeme="==" token="SYMBOL_EQ"><location begcolumn="12" begline="27" endcolumn="13" endline="27" loc="27.12 - 27.13"/></term><term lexeme="'-'" token="CHAR"><location begcolumn="14" begline="27" endcolumn="16" endline="27" loc="27.14 - 27.16"/></term><term lexeme=")" token="SYMBOL_RBR"><location begcolumn="17" begline="27" endcolumn="17" endline="27" loc="27.17 - 27.17"/></term><term lexeme="then" token="KEYWORD_THEN"><location begcolumn="19" begline="27" endcolumn="22" endline="27" loc="27.19 - 27.22"/></term><term lexeme="{" token="SYMBOL_LCBR"><location begcolumn="24" begline="27" endcolumn="24" endline="27" loc="27.24 - 27.24"/></term><term lexeme="sign" token="IDENTIFIER"><location begcolumn="26" begline="27" endcolumn="29" endline="27" loc="27.26 - 27.29"/></term><term lexeme="=" token="SYMBOL_EQUALS"><location begcolumn="30" begline="27" endcolumn="30" endline="27" loc="27.30 - 27.30"/></term><term lexeme="-" token="SYMBOL_MIN"><location begcolumn="31" begline="27" endcolumn="31" endline="27" loc="27.31 - 27.31"/></term><term lexeme="1" token="INTEGER"><location begcolumn="32" begline="27" endcolumn="32" endline="27" loc="27.32 - 27.32"/></term><term lexeme=";" token="SYMBOL_SEMIC"><location begcolumn="33" begline="27" endcolumn="33" endline="27" loc="27.33 - 27.33"/></term><term lexeme="c" token="IDENTIFIER"><location begcolumn="35" begline="27" endcolumn="35" endline="27" loc="27.35 - 27.35"/></term><term lexeme="=" token="SYMBOL_EQUALS"><location begcolumn="36" begline="27" endcolumn="36" endline="27" loc="27.36 - 27.36"/></term><term lexeme="'0'" token="CHAR"><location begcolumn="37" begline="27" endcolumn="39" endline="27" loc="27.37 - 27.39"/></term><term lexeme=";" token="SYMBOL_SEMIC"><location begcolumn="40" begline="27" endcolumn="40" endline="27" loc="27.40 - 27.40"/></term><term lexeme="}" token="SYMBOL_RCBR"><location begcolumn="42" begline="27" endcolumn="42" endline="27" loc="27.42 - 27.42"/></term><term lexeme="else" token="KEYWORD_ELSE"><location begcolumn="44" begline="27" endcolumn="47" endline="27" loc="27.44 - 27.47"/></term><term lexeme="if" token="KEYWORD_IF"><location begcolumn="7" begline="28" endcolumn="8" endline="28" loc="28.7 - 28.8"/></term><term lexeme="(" token="SYMBOL_LBR"><location begcolumn="10" begline="28" endcolumn="10" endline="28" loc="28.10 - 28.10"/></term><term lexeme="c" token="IDENTIFIER"><location begcolumn="11" begline="28" endcolumn="11" endline="28" loc="28.11 - 28.11"/></term><term lexeme="&lt;" token="SYMBOL_LT"><location begcolumn="12" begline="28" endcolumn="12" endline="28" loc="28.12 - 28.12"/></term><term lexeme="'0'" token="CHAR"><location begcolumn="13" begline="28" endcolumn="15" endline="28" loc="28.13 - 28.15"/></term><term lexeme=")" token="SYMBOL_RBR"><location begcolumn="16" begline="28" endcolumn="16" endline="28" loc="28.16 - 28.16"/></term><term lexeme="|" token="SYMBOL_OR"><location begcolumn="17" begline="28" endcolumn="17" endline="28" loc="28.17 - 28.17"/></term><term lexeme="(" token="SYMBOL_LBR"><location begcolumn="18" begline="28" endcolumn="18" endline="28" loc="28.18 - 28.18"/></term><term lexeme="c" token="IDENTIFIER"><location begcolumn="19" begline="28" endcolumn="19" endline="28" loc="28.19 - 28.19"/></term><term lexeme="&gt;" token="SYMBOL_GT"><location begcolumn="20" begline="28" endcolumn="20" endline="28" loc="28.20 - 28.20"/></term><term lexeme="'9'" token="CHAR"><location begcolumn="21" begline="28" endcolumn="23" endline="28" loc="28.21 - 28.23"/></term><term lexeme=")" token="SYMBOL_RBR"><location begcolumn="24" begline="28" endcolumn="24" endline="28" loc="28.24 - 28.24"/></term><term lexeme="then" token="KEYWORD_THEN"><location begcolumn="26" begline="28" endcolumn="29" endline="28" loc="28.26 - 28.29"/></term><term lexeme="exit" token="IDENTIFIER"><location begcolumn="31" begline="28" endcolumn="34" endline="28" loc="28.31 - 28.34"/></term><term lexeme="(" token="SYMBOL_LBR"><location begcolumn="35" begline="28" endcolumn="35" endline="28" loc="28.35 - 28.35"/></term><term lexeme=")" token="SYMBOL_RBR"><location begcolumn="36" begline="28" endcolumn="36" endline="28" loc="28.36 - 28.36"/></term><term lexeme="else" token="KEYWORD_ELSE"><location begcolumn="38" begline="28" endcolumn="41" endline="28" loc="28.38 - 28.41"/></term><term lexeme="none" token="VOID"><location begcolumn="43" begline="28" endcolumn="46" endline="28" loc="28.43 - 28.46"/></term><term lexeme=";" token="SYMBOL_SEMIC"><location begcolumn="47" begline="28" endcolumn="47" endline="28" loc="28.47 - 28.47"/></term><term lexeme="while" token="KEYWORD_WHILE"><location begcolumn="7" begline="29" endcolumn="11" endline="29" loc="29.7 - 29.11"/></term><term lexeme="(" token="SYMBOL_LBR"><location begcolumn="13" begline="29" endcolumn="13" endline="29" loc="29.13 - 29.13"/></term><term lexeme="'0'" token="CHAR"><location begcolumn="14" begline="29" endcolumn="16" endline="29" loc="29.14 - 29.16"/></term><term lexeme="&lt;=" token="SYMBOL_LEQ"><location begcolumn="17" begline="29" endcolumn="18" endline="29" loc="29.17 - 29.18"/></term><term lexeme="c" token="IDENTIFIER"><location begcolumn="19" begline="29" endcolumn="19" endline="29" loc="29.19 - 29.19"/></term><term lexeme=")" token="SYMBOL_RBR"><location begcolumn="20" begline="29" endcolumn="20" endline="29" loc="29.20 - 29.20"/></term><term lexeme="&amp;" token="SYMBOL_AND"><location begcolumn="21" begline="29" endcolumn="21" endline="29" loc="29.21 - 29.21"/></term><term lexeme="(" token="SYMBOL_LBR"><location begcolumn="22" begline="29" endcolumn="22" endline="29" loc="29.22 - 29.22"/></term><term lexeme="c" token="IDENTIFIER"><location begcolumn="23" begline="29" endcolumn="23" endline="29" loc="29.23 - 29.23"/></term><term lexeme="&lt;=" token="SYMBOL_LEQ"><location begcolumn="24" begline="29" endcolumn="25" endline="29" loc="29.24 - 29.25"/></term><term lexeme="'9'" token="CHAR"><location begcolumn="26" begline="29" endcolumn="28" endline="29" loc="29.26 - 29.28"/></term><term lexeme=")" token="SYMBOL_RBR"><location begcolumn="29" begline="29" endcolumn="29" endline="29" loc="29.29 - 29.29"/></term><term lexeme="do" token="KEYWORD_DO"><location begcolumn="31" begline="29" endcolumn="32" endline="29" loc="29.31 - 29.32"/></term><term lexeme="{" token="SYMBOL_LCBR"><location begcolumn="34" begline="29" endcolumn="34" endline="29" loc="29.34 - 29.34"/></term><term lexeme="val" token="IDENTIFIER"><location begcolumn="9" begline="30" endcolumn="11" endline="30" loc="30.9 - 30.11"/></term><term lexeme="=" token="SYMBOL_EQUALS"><location begcolumn="12" begline="30" endcolumn="12" endline="30" loc="30.12 - 30.12"/></term><term lexeme="val" token="IDENTIFIER"><location begcolumn="13" begline="30" endcolumn="15" endline="30" loc="30.13 - 30.15"/></term><term lexeme="*" token="SYMBOL_STAR"><location begcolumn="16" begline="30" endcolumn="16" endline="30" loc="30.16 - 30.16"/></term><term lexeme="10" token="INTEGER"><location begcolumn="17" begline="30" endcolumn="18" endline="30" loc="30.17 - 30.18"/></term><term lexeme="+" token="SYMBOL_PLUS"><location begcolumn="19" begline="30" endcolumn="19" endline="30" loc="30.19 - 30.19"/></term><term lexeme="(" token="SYMBOL_LBR"><location begcolumn="20" begline="30" endcolumn="20" endline="30" loc="30.20 - 30.20"/></term><term lexeme="(" token="SYMBOL_LBR"><location begcolumn="21" begline="30" endcolumn="21" endline="30" loc="30.21 - 30.21"/></term><term lexeme="c" token="IDENTIFIER"><location begcolumn="22" begline="30" endcolumn="22" endline="30" loc="30.22 - 30.22"/></term><term lexeme=":" token="SYMBOL_COLON"><location begcolumn="23" begline="30" endcolumn="23" endline="30" loc="30.23 - 30.23"/></term><term lexeme="integer" token="KEYWORD_INT"><location begcolumn="24" begline="30" endcolumn="30" endline="30" loc="30.24 - 30.30"/></term><term lexeme=")" token="SYMBOL_RBR"><location begcolumn="31" begline="30" endcolumn="31" endline="30" loc="30.31 - 30.31"/></term><term lexeme="-" token="SYMBOL_MIN"><location begcolumn="32" begline="30" endcolumn="32" endline="30" loc="30.32 - 30.32"/></term><term lexeme="(" token="SYMBOL_LBR"><location begcolumn="33" begline="30" endcolumn="33" endline="30" loc="30.33 - 30.33"/></term><term lexeme="'0'" token="CHAR"><location begcolumn="34" begline="30" endcolumn="36" endline="30" loc="30.34 - 30.36"/></term><term lexeme=":" token="SYMBOL_COLON"><location begcolumn="37" begline="30" endcolumn="37" endline="30" loc="30.37 - 30.37"/></term><term lexeme="integer" token="KEYWORD_INT"><location begcolumn="38" begline="30" endcolumn="44" endline="30" loc="30.38 - 30.44"/></term><term lexeme=")" token="SYMBOL_RBR"><location begcolumn="45" begline="30" endcolumn="45" endline="30" loc="30.45 - 30.45"/></term><term lexeme=")" token="SYMBOL_RBR"><location begcolumn="46" begline="30" endcolumn="46" endline="30" loc="30.46 - 30.46"/></term><term lexeme=";" token="SYMBOL_SEMIC"><location begcolumn="47" begline="30" endcolumn="47" endline="30" loc="30.47 - 30.47"/></term><term lexeme="c" token="IDENTIFIER"><location begcolumn="9" begline="31" endcolumn="9" endline="31" loc="31.9 - 31.9"/></term><term lexeme="=" token="SYMBOL_EQUALS"><location begcolumn="10" begline="31" endcolumn="10" endline="31" loc="31.10 - 31.10"/></term><term lexeme="getChar" token="IDENTIFIER"><location begcolumn="11" begline="31" endcolumn="17" endline="31" loc="31.11 - 31.17"/></term><term lexeme="(" token="SYMBOL_LBR"><location begcolumn="18" begline="31" endcolumn="18" endline="31" loc="31.18 - 31.18"/></term><term lexeme=")" token="SYMBOL_RBR"><location begcolumn="19" begline="31" endcolumn="19" endline="31" loc="31.19 - 31.19"/></term><term lexeme=";" token="SYMBOL_SEMIC"><location begcolumn="20" begline="31" endcolumn="20" endline="31" loc="31.20 - 31.20"/></term><term lexeme="}" token="SYMBOL_RCBR"><location begcolumn="7" begline="32" endcolumn="7" endline="32" loc="32.7 - 32.7"/></term><term lexeme=";" token="SYMBOL_SEMIC"><location begcolumn="8" begline="32" endcolumn="8" endline="32" loc="32.8 - 32.8"/></term><term lexeme="if" token="KEYWORD_IF"><location begcolumn="7" begline="33" endcolumn="8" endline="33" loc="33.7 - 33.8"/></term><term lexeme="(" token="SYMBOL_LBR"><location begcolumn="10" begline="33" endcolumn="10" endline="33" loc="33.10 - 33.10"/></term><term lexeme="c" token="IDENTIFIER"><location begcolumn="11" begline="33" endcolumn="11" endline="33" loc="33.11 - 33.11"/></term><term lexeme="!=" token="SYMBOL_NEQ"><location begcolumn="12" begline="33" endcolumn="13" endline="33" loc="33.12 - 33.13"/></term><term lexeme="(" token="SYMBOL_LBR"><location begcolumn="14" begline="33" endcolumn="14" endline="33" loc="33.14 - 33.14"/></term><term lexeme="10" token="INTEGER"><location begcolumn="15" begline="33" endcolumn="16" endline="33" loc="33.15 - 33.16"/></term><term lexeme=":" token="SYMBOL_COLON"><location begcolumn="17" begline="33" endcolumn="17" endline="33" loc="33.17 - 33.17"/></term><term lexeme="char" token="KEYWORD_CHAR"><location begcolumn="18" begline="33" endcolumn="21" endline="33" loc="33.18 - 33.21"/></term><term lexeme=")" token="SYMBOL_RBR"><location begcolumn="22" begline="33" endcolumn="22" endline="33" loc="33.22 - 33.22"/></term><term lexeme=")" token="SYMBOL_RBR"><location begcolumn="23" begline="33" endcolumn="23" endline="33" loc="33.23 - 33.23"/></term><term lexeme="then" token="KEYWORD_THEN"><location begcolumn="25" begline="33" endcolumn="28" endline="33" loc="33.25 - 33.28"/></term><term lexeme="exit" token="IDENTIFIER"><location begcolumn="30" begline="33" endcolumn="33" endline="33" loc="33.30 - 33.33"/></term><term lexeme="(" token="SYMBOL_LBR"><location begcolumn="34" begline="33" endcolumn="34" endline="33" loc="33.34 - 33.34"/></term><term lexeme=")" token="SYMBOL_RBR"><location begcolumn="35" begline="33" endcolumn="35" endline="33" loc="33.35 - 33.35"/></term><term lexeme="else" token="KEYWORD_ELSE"><location begcolumn="37" begline="33" endcolumn="40" endline="33" loc="33.37 - 33.40"/></term><term lexeme="none" token="VOID"><location begcolumn="42" begline="33" endcolumn="45" endline="33" loc="33.42 - 33.45"/></term><term lexeme=";" token="SYMBOL_SEMIC"><location begcolumn="46" begline="33" endcolumn="46" endline="33" loc="33.46 - 33.46"/></term><term lexeme="sign" token="IDENTIFIER"><location begcolumn="7" begline="34" endcolumn="10" endline="34" loc="34.7 - 34.10"/></term><term lexeme="*" token="SYMBOL_STAR"><location begcolumn="12" begline="34" endcolumn="12" endline="34" loc="34.12 - 34.12"/></term><term lexeme="val" token="IDENTIFIER"><location begcolumn="14" begline="34" endcolumn="16" endline="34" loc="34.14 - 34.16"/></term><term lexeme=";" token="SYMBOL_SEMIC"><location begcolumn="17" begline="34" endcolumn="17" endline="34" loc="34.17 - 34.17"/></term><term lexeme="}" token="SYMBOL_RCBR"><location begcolumn="5" begline="35" endcolumn="5" endline="35" loc="35.5 - 35.5"/></term><term lexeme="where" token="KEYWORD_WHERE"><location begcolumn="5" begline="36" endcolumn="9" endline="36" loc="36.5 - 36.9"/></term><term lexeme="{" token="SYMBOL_LCBR"><location begcolumn="5" begline="37" endcolumn="5" endline="37" loc="37.5 - 37.5"/></term><term lexeme="var" token="KEYWORD_VAR"><location begcolumn="7" begline="38" endcolumn="9" endline="38" loc="38.7 - 38.9"/></term><term lexeme="sign" token="IDENTIFIER"><location begcolumn="11" begline="38" endcolumn="14" endline="38" loc="38.11 - 38.14"/></term><term lexeme=":" token="SYMBOL_COLON"><location begcolumn="15" begline="38" endcolumn="15" endline="38" loc="38.15 - 38.15"/></term><term lexeme="integer" token="KEYWORD_INT"><location begcolumn="16" begline="38" endcolumn="22" endline="38" loc="38.16 - 38.22"/></term><term lexeme="var" token="KEYWORD_VAR"><location begcolumn="7" begline="39" endcolumn="9" endline="39" loc="39.7 - 39.9"/></term><term lexeme="val" token="IDENTIFIER"><location begcolumn="11" begline="39" endcolumn="13" endline="39" loc="39.11 - 39.13"/></term><term lexeme=":" token="SYMBOL_COLON"><location begcolumn="14" begline="39" endcolumn="14" endline="39" loc="39.14 - 39.14"/></term><term lexeme="integer" token="KEYWORD_INT"><location begcolumn="15" begline="39" endcolumn="21" endline="39" loc="39.15 - 39.21"/></term><term lexeme="var" token="KEYWORD_VAR"><location begcolumn="7" begline="40" endcolumn="9" endline="40" loc="40.7 - 40.9"/></term><term lexeme="c" token="IDENTIFIER"><location begcolumn="11" begline="40" endcolumn="11" endline="40" loc="40.11 - 40.11"/></term><term lexeme=":" token="SYMBOL_COLON"><location begcolumn="12" begline="40" endcolumn="12" endline="40" loc="40.12 - 40.12"/></term><term lexeme="char" token="KEYWORD_CHAR"><location begcolumn="13" begline="40" endcolumn="16" endline="40" loc="40.13 - 40.16"/></term><term lexeme="}" token="SYMBOL_RCBR"><location begcolumn="5" begline="41" endcolumn="5" endline="41" loc="41.5 - 41.5"/></term><term lexeme="fun" token="KEYWORD_FUN"><location begcolumn="1" begline="43" endcolumn="3" endline="43" loc="43.1 - 43.3"/></term><term lexeme="putString" token="IDENTIFIER"><location begcolumn="5" begline="43" endcolumn="13" endline="43" loc="43.5 - 43.13"/></term><term lexeme="(" token="SYMBOL_LBR"><location begcolumn="14" begline="43" endcolumn="14" endline="43" loc="43.14 - 43.14"/></term><term lexeme="s" token="IDENTIFIER"><location begcolumn="15" begline="43" endcolumn="15" endline="43" loc="43.15 - 43.15"/></term><term lexeme=":" token="SYMBOL_COLON"><location begcolumn="16" begline="43" endcolumn="16" endline="43" loc="43.16 - 43.16"/></term><term lexeme="^" token="SYMBOL_PWR"><location begcolumn="17" begline="43" endcolumn="17" endline="43" loc="43.17 - 43.17"/></term><term lexeme="char" token="KEYWORD_CHAR"><location begcolumn="18" begline="43" endcolumn="21" endline="43" loc="43.18 - 43.21"/></term><term lexeme=")" token="SYMBOL_RBR"><location begcolumn="22" begline="43" endcolumn="22" endline="43" loc="43.22 - 43.22"/></term><term lexeme=":" token="SYMBOL_COLON"><location begcolumn="23" begline="43" endcolumn="23" endline="43" loc="43.23 - 43.23"/></term><term lexeme="void" token="KEYWORD_VOID"><location begcolumn="24" begline="43" endcolumn="27" endline="43" loc="43.24 - 43.27"/></term><term lexeme="=" token="SYMBOL_EQUALS"><location begcolumn="29" begline="43" endcolumn="29" endline="43" loc="43.29 - 43.29"/></term><term lexeme="{" token="SYMBOL_LCBR"><location begcolumn="5" begline="44" endcolumn="5" endline="44" loc="44.5 - 44.5"/></term><term lexeme="i" token="IDENTIFIER"><location begcolumn="7" begline="45" endcolumn="7" endline="45" loc="45.7 - 45.7"/></term><term lexeme="=" token="SYMBOL_EQUALS"><location begcolumn="8" begline="45" endcolumn="8" endline="45" loc="45.8 - 45.8"/></term><term lexeme="0" token="INTEGER"><location begcolumn="9" begline="45" endcolumn="9" endline="45" loc="45.9 - 45.9"/></term><term lexeme=";" token="SYMBOL_SEMIC"><location begcolumn="10" begline="45" endcolumn="10" endline="45" loc="45.10 - 45.10"/></term><term lexeme="while" token="KEYWORD_WHILE"><location begcolumn="7" begline="46" endcolumn="11" endline="46" loc="46.7 - 46.11"/></term><term lexeme="(" token="SYMBOL_LBR"><location begcolumn="13" begline="46" endcolumn="13" endline="46" loc="46.13 - 46.13"/></term><term lexeme="(" token="SYMBOL_LBR"><location begcolumn="14" begline="46" endcolumn="14" endline="46" loc="46.14 - 46.14"/></term><term lexeme="(" token="SYMBOL_LBR"><location begcolumn="15" begline="46" endcolumn="15" endline="46" loc="46.15 - 46.15"/></term><term lexeme="s" token="IDENTIFIER"><location begcolumn="16" begline="46" endcolumn="16" endline="46" loc="46.16 - 46.16"/></term><term lexeme=":" token="SYMBOL_COLON"><location begcolumn="17" begline="46" endcolumn="17" endline="46" loc="46.17 - 46.17"/></term><term lexeme="integer" token="KEYWORD_INT"><location begcolumn="18" begline="46" endcolumn="24" endline="46" loc="46.18 - 46.24"/></term><term lexeme=")" token="SYMBOL_RBR"><location begcolumn="25" begline="46" endcolumn="25" endline="46" loc="46.25 - 46.25"/></term><term lexeme="+" token="SYMBOL_PLUS"><location begcolumn="26" begline="46" endcolumn="26" endline="46" loc="46.26 - 46.26"/></term><term lexeme="(" token="SYMBOL_LBR"><location begcolumn="27" begline="46" endcolumn="27" endline="46" loc="46.27 - 46.27"/></term><term lexeme="i" token="IDENTIFIER"><location begcolumn="28" begline="46" endcolumn="28" endline="46" loc="46.28 - 46.28"/></term><term lexeme="*" token="SYMBOL_STAR"><location begcolumn="29" begline="46" endcolumn="29" endline="46" loc="46.29 - 46.29"/></term><term lexeme="8" token="INTEGER"><location begcolumn="30" begline="46" endcolumn="30" endline="46" loc="46.30 - 46.30"/></term><term lexeme=")" token="SYMBOL_RBR"><location begcolumn="31" begline="46" endcolumn="31" endline="46" loc="46.31 - 46.31"/></term><term lexeme=":" token="SYMBOL_COLON"><location begcolumn="32" begline="46" endcolumn="32" endline="46" loc="46.32 - 46.32"/></term><term lexeme="^" token="SYMBOL_PWR"><location begcolumn="33" begline="46" endcolumn="33" endline="46" loc="46.33 - 46.33"/></term><term lexeme="char" token="KEYWORD_CHAR"><location begcolumn="34" begline="46" endcolumn="37" endline="46" loc="46.34 - 46.37"/></term><term lexeme=")" token="SYMBOL_RBR"><location begcolumn="38" begline="46" endcolumn="38" endline="46" loc="46.38 - 46.38"/></term><term lexeme="^" token="SYMBOL_PWR"><location begcolumn="39" begline="46" endcolumn="39" endline="46" loc="46.39 - 46.39"/></term><term lexeme="!=" token="SYMBOL_NEQ"><location begcolumn="40" begline="46" endcolumn="41" endline="46" loc="46.40 - 46.41"/></term><term lexeme="(" token="SYMBOL_LBR"><location begcolumn="42" begline="46" endcolumn="42" endline="46" loc="46.42 - 46.42"/></term><term lexeme="0" token="INTEGER"><location begcolumn="43" begline="46" endcolumn="43" endline="46" loc="46.43 - 46.43"/></term><term lexeme=":" token="SYMBOL_COLON"><location begcolumn="44" begline="46" endcolumn="44" endline="46" loc="46.44 - 46.44"/></term><term lexeme="char" token="KEYWORD_CHAR"><location begcolumn="45" begline="46" endcolumn="48" endline="46" loc="46.45 - 46.48"/></term><term lexeme=")" token="SYMBOL_RBR"><location begcolumn="49" begline="46" endcolumn="49" endline="46" loc="46.49 - 46.49"/></term><term lexeme=")" token="SYMBOL_RBR"><location begcolumn="50" begline="46" endcolumn="50" endline="46" loc="46.50 - 46.50"/></term><term lexeme="do" token="KEYWORD_DO"><location begcolumn="52" begline="46" endcolumn="53" endline="46" loc="46.52 - 46.53"/></term><term lexeme="{" token="SYMBOL_LCBR"><location begcolumn="55" begline="46" endcolumn="55" endline="46" loc="46.55 - 46.55"/></term><term lexeme="putChar" token="IDENTIFIER"><location begcolumn="9" begline="47" endcolumn="15" endline="47" loc="47.9 - 47.15"/></term><term lexeme="(" token="SYMBOL_LBR"><location begcolumn="16" begline="47" endcolumn="16" endline="47" loc="47.16 - 47.16"/></term><term lexeme="(" token="SYMBOL_LBR"><location begcolumn="17" begline="47" endcolumn="17" endline="47" loc="47.17 - 47.17"/></term><term lexeme="(" token="SYMBOL_LBR"><location begcolumn="18" begline="47" endcolumn="18" endline="47" loc="47.18 - 47.18"/></term><term lexeme="s" token="IDENTIFIER"><location begcolumn="19" begline="47" endcolumn="19" endline="47" loc="47.19 - 47.19"/></term><term lexeme=":" token="SYMBOL_COLON"><location begcolumn="20" begline="47" endcolumn="20" endline="47" loc="47.20 - 47.20"/></term><term lexeme="integer" token="KEYWORD_INT"><location begcolumn="21" begline="47" endcolumn="27" endline="47" loc="47.21 - 47.27"/></term><term lexeme=")" token="SYMBOL_RBR"><location begcolumn="28" begline="47" endcolumn="28" endline="47" loc="47.28 - 47.28"/></term><term lexeme="+" token="SYMBOL_PLUS"><location begcolumn="29" begline="47" endcolumn="29" endline="47" loc="47.29 - 47.29"/></term><term lexeme="(" token="SYMBOL_LBR"><location begcolumn="30" begline="47" endcolumn="30" endline="47" loc="47.30 - 47.30"/></term><term lexeme="i" token="IDENTIFIER"><location begcolumn="31" begline="47" endcolumn="31" endline="47" loc="47.31 - 47.31"/></term><term lexeme="*" token="SYMBOL_STAR"><location begcolumn="32" begline="47" endcolumn="32" endline="47" loc="47.32 - 47.32"/></term><term lexeme="8" token="INTEGER"><location begcolumn="33" begline="47" endcolumn="33" endline="47" loc="47.33 - 47.33"/></term><term lexeme=")" token="SYMBOL_RBR"><location begcolumn="34" begline="47" endcolumn="34" endline="47" loc="47.34 - 47.34"/></term><term lexeme=":" token="SYMBOL_COLON"><location begcolumn="35" begline="47" endcolumn="35" endline="47" loc="47.35 - 47.35"/></term><term lexeme="^" token="SYMBOL_PWR"><location begcolumn="36" begline="47" endcolumn="36" endline="47" loc="47.36 - 47.36"/></term><term lexeme="char" token="KEYWORD_CHAR"><location begcolumn="37" begline="47" endcolumn="40" endline="47" loc="47.37 - 47.40"/></term><term lexeme=")" token="SYMBOL_RBR"><location begcolumn="41" begline="47" endcolumn="41" endline="47" loc="47.41 - 47.41"/></term><term lexeme="^" token="SYMBOL_PWR"><location begcolumn="42" begline="47" endcolumn="42" endline="47" loc="47.42 - 47.42"/></term><term lexeme=")" token="SYMBOL_RBR"><location begcolumn="43" begline="47" endcolumn="43" endline="47" loc="47.43 - 47.43"/></term><term lexeme=";" token="SYMBOL_SEMIC"><location begcolumn="44" begline="47" endcolumn="44" endline="47" loc="47.44 - 47.44"/></term><term lexeme="i" token="IDENTIFIER"><location begcolumn="9" begline="48" endcolumn="9" endline="48" loc="48.9 - 48.9"/></term><term lexeme="=" token="SYMBOL_EQUALS"><location begcolumn="10" begline="48" endcolumn="10" endline="48" loc="48.10 - 48.10"/></term><term lexeme="i" token="IDENTIFIER"><location begcolumn="11" begline="48" endcolumn="11" endline="48" loc="48.11 - 48.11"/></term><term lexeme="+" token="SYMBOL_PLUS"><location begcolumn="12" begline="48" endcolumn="12" endline="48" loc="48.12 - 48.12"/></term><term lexeme="1" token="INTEGER"><location begcolumn="13" begline="48" endcolumn="13" endline="48" loc="48.13 - 48.13"/></term><term lexeme=";" token="SYMBOL_SEMIC"><location begcolumn="14" begline="48" endcolumn="14" endline="48" loc="48.14 - 48.14"/></term><term lexeme="}" token="SYMBOL_RCBR"><location begcolumn="7" begline="49" endcolumn="7" endline="49" loc="49.7 - 49.7"/></term><term lexeme=";" token="SYMBOL_SEMIC"><location begcolumn="8" begline="49" endcolumn="8" endline="49" loc="49.8 - 49.8"/></term><term lexeme="none" token="VOID"><location begcolumn="7" begline="50" endcolumn="10" endline="50" loc="50.7 - 50.10"/></term><term lexeme=";" token="SYMBOL_SEMIC"><location begcolumn="11" begline="50" endcolumn="11" endline="50" loc="50.11 - 50.11"/></term><term lexeme="}" token="SYMBOL_RCBR"><location begcolumn="5" begline="51" endcolumn="5" endline="51" loc="51.5 - 51.5"/></term><term lexeme="where" token="KEYWORD_WHERE"><location begcolumn="5" begline="52" endcolumn="9" endline="52" loc="52.5 - 52.9"/></term><term lexeme="{" token="SYMBOL_LCBR"><location begcolumn="5" begline="53" endcolumn="5" endline="53" loc="53.5 - 53.5"/></term><term lexeme="var" token="KEYWORD_VAR"><location begcolumn="7" begline="54" endcolumn="9" endline="54" loc="54.7 - 54.9"/></term><term lexeme="i" token="IDENTIFIER"><location begcolumn="11" begline="54" endcolumn="11" endline="54" loc="54.11 - 54.11"/></term><term lexeme=":" token="SYMBOL_COLON"><location begcolumn="12" begline="54" endcolumn="12" endline="54" loc="54.12 - 54.12"/></term><term lexeme="integer" token="KEYWORD_INT"><location begcolumn="13" begline="54" endcolumn="19" endline="54" loc="54.13 - 54.19"/></term><term lexeme="}" token="SYMBOL_RCBR"><location begcolumn="5" begline="55" endcolumn="5" endline="55" loc="55.5 - 55.5"/></term><term lexeme="fun" token="KEYWORD_FUN"><location begcolumn="1" begline="59" endcolumn="3" endline="59" loc="59.1 - 59.3"/></term><term lexeme="main" token="IDENTIFIER"><location begcolumn="5" begline="59" endcolumn="8" endline="59" loc="59.5 - 59.8"/></term><term lexeme="(" token="SYMBOL_LBR"><location begcolumn="9" begline="59" endcolumn="9" endline="59" loc="59.9 - 59.9"/></term><term lexeme=")" token="SYMBOL_RBR"><location begcolumn="10" begline="59" endcolumn="10" endline="59" loc="59.10 - 59.10"/></term><term lexeme=":" token="SYMBOL_COLON"><location begcolumn="11" begline="59" endcolumn="11" endline="59" loc="59.11 - 59.11"/></term><term lexeme="integer" token="KEYWORD_INT"><location begcolumn="12" begline="59" endcolumn="18" endline="59" loc="59.12 - 59.18"/></term><term lexeme="=" token="SYMBOL_EQUALS"><location begcolumn="20" begline="59" endcolumn="20" endline="59" loc="59.20 - 59.20"/></term><term lexeme="{" token="SYMBOL_LCBR"><location begcolumn="5" begline="60" endcolumn="5" endline="60" loc="60.5 - 60.5"/></term><term lexeme="n" token="IDENTIFIER"><location begcolumn="7" begline="61" endcolumn="7" endline="61" loc="61.7 - 61.7"/></term><term lexeme="=" token="SYMBOL_EQUALS"><location begcolumn="8" begline="61" endcolumn="8" endline="61" loc="61.8 - 61.8"/></term><term lexeme="getInteger" token="IDENTIFIER"><location begcolumn="9" begline="61" endcolumn="18" endline="61" loc="61.9 - 61.18"/></term><term lexeme="(" token="SYMBOL_LBR"><location begcolumn="19" begline="61" endcolumn="19" endline="61" loc="61.19 - 61.19"/></term><term lexeme=")" token="SYMBOL_RBR"><location begcolumn="20" begline="61" endcolumn="20" endline="61" loc="61.20 - 61.20"/></term><term lexeme=";" token="SYMBOL_SEMIC"><location begcolumn="21" begline="61" endcolumn="21" endline="61" loc="61.21 - 61.21"/></term><term lexeme="n" token="IDENTIFIER"><location begcolumn="7" begline="62" endcolumn="7" endline="62" loc="62.7 - 62.7"/></term><term lexeme="=" token="SYMBOL_EQUALS"><location begcolumn="8" begline="62" endcolumn="8" endline="62" loc="62.8 - 62.8"/></term><term lexeme="queens" token="IDENTIFIER"><location begcolumn="9" begline="62" endcolumn="14" endline="62" loc="62.9 - 62.14"/></term><term lexeme="(" token="SYMBOL_LBR"><location begcolumn="15" begline="62" endcolumn="15" endline="62" loc="62.15 - 62.15"/></term><term lexeme="0" token="INTEGER"><location begcolumn="16" begline="62" endcolumn="16" endline="62" loc="62.16 - 62.16"/></term><term lexeme=")" token="SYMBOL_RBR"><location begcolumn="17" begline="62" endcolumn="17" endline="62" loc="62.17 - 62.17"/></term><term lexeme=";" token="SYMBOL_SEMIC"><location begcolumn="18" begline="62" endcolumn="18" endline="62" loc="62.18 - 62.18"/></term><term lexeme="putString" token="IDENTIFIER"><location begcolumn="7" begline="63" endcolumn="15" endline="63" loc="63.7 - 63.15"/></term><term lexeme="(" token="SYMBOL_LBR"><location begcolumn="16" begline="63" endcolumn="16" endline="63" loc="63.16 - 63.16"/></term><term lexeme="&quot;# ALL SOLUTIONS = &quot;" token="STRING"><location begcolumn="17" begline="63" endcolumn="36" endline="63" loc="63.17 - 63.36"/></term><term lexeme=")" token="SYMBOL_RBR"><location begcolumn="37" begline="63" endcolumn="37" endline="63" loc="63.37 - 63.37"/></term><term lexeme=";" token="SYMBOL_SEMIC"><location begcolumn="38" begline="63" endcolumn="38" endline="63" loc="63.38 - 63.38"/></term><term lexeme="putInteger" token="IDENTIFIER"><location begcolumn="7" begline="64" endcolumn="16" endline="64" loc="64.7 - 64.16"/></term><term lexeme="(" token="SYMBOL_LBR"><location begcolumn="17" begline="64" endcolumn="17" endline="64" loc="64.17 - 64.17"/></term><term lexeme="n" token="IDENTIFIER"><location begcolumn="18" begline="64" endcolumn="18" endline="64" loc="64.18 - 64.18"/></term><term lexeme=")" token="SYMBOL_RBR"><location begcolumn="19" begline="64" endcolumn="19" endline="64" loc="64.19 - 64.19"/></term><term lexeme=";" token="SYMBOL_SEMIC"><location begcolumn="20" begline="64" endcolumn="20" endline="64" loc="64.20 - 64.20"/></term><term lexeme="putChar" token="IDENTIFIER"><location begcolumn="7" begline="65" endcolumn="13" endline="65" loc="65.7 - 65.13"/></term><term lexeme="(" token="SYMBOL_LBR"><location begcolumn="14" begline="65" endcolumn="14" endline="65" loc="65.14 - 65.14"/></term><term lexeme="(" token="SYMBOL_LBR"><location begcolumn="15" begline="65" endcolumn="15" endline="65" loc="65.15 - 65.15"/></term><term lexeme="10" token="INTEGER"><location begcolumn="16" begline="65" endcolumn="17" endline="65" loc="65.16 - 65.17"/></term><term lexeme=":" token="SYMBOL_COLON"><location begcolumn="18" begline="65" endcolumn="18" endline="65" loc="65.18 - 65.18"/></term><term lexeme="char" token="KEYWORD_CHAR"><location begcolumn="19" begline="65" endcolumn="22" endline="65" loc="65.19 - 65.22"/></term><term lexeme=")" token="SYMBOL_RBR"><location begcolumn="23" begline="65" endcolumn="23" endline="65" loc="65.23 - 65.23"/></term><term lexeme=")" token="SYMBOL_RBR"><location begcolumn="24" begline="65" endcolumn="24" endline="65" loc="65.24 - 65.24"/></term><term lexeme=";" token="SYMBOL_SEMIC"><location begcolumn="25" begline="65" endcolumn="25" endline="65" loc="65.25 - 65.25"/></term><term lexeme="putChar" token="IDENTIFIER"><location begcolumn="7" begline="66" endcolumn="13" endline="66" loc="66.7 - 66.13"/></term><term lexeme="(" token="SYMBOL_LBR"><location begcolumn="14" begline="66" endcolumn="14" endline="66" loc="66.14 - 66.14"/></term><term lexeme="(" token="SYMBOL_LBR"><location begcolumn="15" begline="66" endcolumn="15" endline="66" loc="66.15 - 66.15"/></term><term lexeme="10" token="INTEGER"><location begcolumn="16" begline="66" endcolumn="17" endline="66" loc="66.16 - 66.17"/></term><term lexeme=":" token="SYMBOL_COLON"><location begcolumn="18" begline="66" endcolumn="18" endline="66" loc="66.18 - 66.18"/></term><term lexeme="char" token="KEYWORD_CHAR"><location begcolumn="19" begline="66" endcolumn="22" endline="66" loc="66.19 - 66.22"/></term><term lexeme=")" token="SYMBOL_RBR"><location begcolumn="23" begline="66" endcolumn="23" endline="66" loc="66.23 - 66.23"/></term><term lexeme=")" token="SYMBOL_RBR"><location begcolumn="24" begline="66" endcolumn="24" endline="66" loc="66.24 - 66.24"/></term><term lexeme=";" token="SYMBOL_SEMIC"><location begcolumn="25" begline="66" endcolumn="25" endline="66" loc="66.25 - 66.25"/></term><term lexeme="0" token="INTEGER"><location begcolumn="7" begline="67" endcolumn="7" endline="67" loc="67.7 - 67.7"/></term><term lexeme=";" token="SYMBOL_SEMIC"><location begcolumn="8" begline="67" endcolumn="8" endline="67" loc="67.8 - 67.8"/></term><term lexeme="}" token="SYMBOL_RCBR"><location begcolumn="5" begline="68" endcolumn="5" endline="68" loc="68.5 - 68.5"/></term><term lexeme="where" token="KEYWORD_WHERE"><location begcolumn="5" begline="69" endcolumn="9" endline="69" loc="69.5 - 69.9"/></term><term lexeme="{" token="SYMBOL_LCBR"><location begcolumn="5" begline="70" endcolumn="5" endline="70" loc="70.5 - 70.5"/></term><term lexeme="var" token="KEYWORD_VAR"><location begcolumn="7" begline="71" endcolumn="9" endline="71" loc="71.7 - 71.9"/></term><term lexeme="n" token="IDENTIFIER"><location begcolumn="11" begline="71" endcolumn="11" endline="71" loc="71.11 - 71.11"/></term><term lexeme=":" token="SYMBOL_COLON"><location begcolumn="12" begline="71" endcolumn="12" endline="71" loc="71.12 - 71.12"/></term><term lexeme="integer" token="KEYWORD_INT"><location begcolumn="13" begline="71" endcolumn="19" endline="71" loc="71.13 - 71.19"/></term><term lexeme="var" token="KEYWORD_VAR"><location begcolumn="7" begline="72" endcolumn="9" endline="72" loc="72.7 - 72.9"/></term><term lexeme="qs" token="IDENTIFIER"><location begcolumn="11" begline="72" endcolumn="12" endline="72" loc="72.11 - 72.12"/></term><term lexeme=":" token="SYMBOL_COLON"><location begcolumn="13" begline="72" endcolumn="13" endline="72" loc="72.13 - 72.13"/></term><term lexeme="integer" token="KEYWORD_INT"><location begcolumn="14" begline="72" endcolumn="20" endline="72" loc="72.14 - 72.20"/></term><term lexeme="[" token="SYMBOL_LSBR"><location begcolumn="21" begline="72" endcolumn="21" endline="72" loc="72.21 - 72.21"/></term><term lexeme="32" token="INTEGER"><location begcolumn="22" begline="72" endcolumn="23" endline="72" loc="72.22 - 72.23"/></term><term lexeme="]" token="SYMBOL_RSBR"><location begcolumn="24" begline="72" endcolumn="24" endline="72" loc="72.24 - 72.24"/></term><term lexeme="fun" token="KEYWORD_FUN"><location begcolumn="7" begline="73" endcolumn="9" endline="73" loc="73.7 - 73.9"/></term><term lexeme="queens" token="IDENTIFIER"><location begcolumn="11" begline="73" endcolumn="16" endline="73" loc="73.11 - 73.16"/></term><term lexeme="(" token="SYMBOL_LBR"><location begcolumn="17" begline="73" endcolumn="17" endline="73" loc="73.17 - 73.17"/></term><term lexeme="i" token="IDENTIFIER"><location begcolumn="18" begline="73" endcolumn="18" endline="73" loc="73.18 - 73.18"/></term><term lexeme=":" token="SYMBOL_COLON"><location begcolumn="19" begline="73" endcolumn="19" endline="73" loc="73.19 - 73.19"/></term><term lexeme="integer" token="KEYWORD_INT"><location begcolumn="20" begline="73" endcolumn="26" endline="73" loc="73.20 - 73.26"/></term><term lexeme=")" token="SYMBOL_RBR"><location begcolumn="27" begline="73" endcolumn="27" endline="73" loc="73.27 - 73.27"/></term><term lexeme=":" token="SYMBOL_COLON"><location begcolumn="28" begline="73" endcolumn="28" endline="73" loc="73.28 - 73.28"/></term><term lexeme="integer" token="KEYWORD_INT"><location begcolumn="29" begline="73" endcolumn="35" endline="73" loc="73.29 - 73.35"/></term><term lexeme="=" token="SYMBOL_EQUALS"><location begcolumn="37" begline="73" endcolumn="37" endline="73" loc="73.37 - 73.37"/></term><term lexeme="{" token="SYMBOL_LCBR"><location begcolumn="11" begline="74" endcolumn="11" endline="74" loc="74.11 - 74.11"/></term><term lexeme="if" token="KEYWORD_IF"><location begcolumn="13" begline="75" endcolumn="14" endline="75" loc="75.13 - 75.14"/></term><term lexeme="i" token="IDENTIFIER"><location begcolumn="16" begline="75" endcolumn="16" endline="75" loc="75.16 - 75.16"/></term><term lexeme="==" token="SYMBOL_EQ"><location begcolumn="17" begline="75" endcolumn="18" endline="75" loc="75.17 - 75.18"/></term><term lexeme="n" token="IDENTIFIER"><location begcolumn="19" begline="75" endcolumn="19" endline="75" loc="75.19 - 75.19"/></term><term lexeme="then" token="KEYWORD_THEN"><location begcolumn="21" begline="75" endcolumn="24" endline="75" loc="75.21 - 75.24"/></term><term lexeme="{" token="SYMBOL_LCBR"><location begcolumn="15" begline="76" endcolumn="15" endline="76" loc="76.15 - 76.15"/></term><term lexeme="putString" token="IDENTIFIER"><location begcolumn="17" begline="77" endcolumn="25" endline="77" loc="77.17 - 77.25"/></term><term lexeme="(" token="SYMBOL_LBR"><location begcolumn="26" begline="77" endcolumn="26" endline="77" loc="77.26 - 77.26"/></term><term lexeme="&quot;SOLUTION&quot;" token="STRING"><location begcolumn="27" begline="77" endcolumn="36" endline="77" loc="77.27 - 77.36"/></term><term lexeme=")" token="SYMBOL_RBR"><location begcolumn="37" begline="77" endcolumn="37" endline="77" loc="77.37 - 77.37"/></term><term lexeme=";" token="SYMBOL_SEMIC"><location begcolumn="38" begline="77" endcolumn="38" endline="77" loc="77.38 - 77.38"/></term><term lexeme="putChar" token="IDENTIFIER"><location begcolumn="17" begline="78" endcolumn="23" endline="78" loc="78.17 - 78.23"/></term><term lexeme="(" token="SYMBOL_LBR"><location begcolumn="24" begline="78" endcolumn="24" endline="78" loc="78.24 - 78.24"/></term><term lexeme="(" token="SYMBOL_LBR"><location begcolumn="25" begline="78" endcolumn="25" endline="78" loc="78.25 - 78.25"/></term><term lexeme="10" token="INTEGER"><location begcolumn="26" begline="78" endcolumn="27" endline="78" loc="78.26 - 78.27"/></term><term lexeme=":" token="SYMBOL_COLON"><location begcolumn="28" begline="78" endcolumn="28" endline="78" loc="78.28 - 78.28"/></term><term lexeme="char" token="KEYWORD_CHAR"><location begcolumn="29" begline="78" endcolumn="32" endline="78" loc="78.29 - 78.32"/></term><term lexeme=")" token="SYMBOL_RBR"><location begcolumn="33" begline="78" endcolumn="33" endline="78" loc="78.33 - 78.33"/></term><term lexeme=")" token="SYMBOL_RBR"><location begcolumn="34" begline="78" endcolumn="34" endline="78" loc="78.34 - 78.34"/></term><term lexeme=";" token="SYMBOL_SEMIC"><location begcolumn="35" begline="78" endcolumn="35" endline="78" loc="78.35 - 78.35"/></term><term lexeme="j" token="IDENTIFIER"><location begcolumn="17" begline="79" endcolumn="17" endline="79" loc="79.17 - 79.17"/></term><term lexeme="=" token="SYMBOL_EQUALS"><location begcolumn="18" begline="79" endcolumn="18" endline="79" loc="79.18 - 79.18"/></term><term lexeme="0" token="INTEGER"><location begcolumn="19" begline="79" endcolumn="19" endline="79" loc="79.19 - 79.19"/></term><term lexeme=";" token="SYMBOL_SEMIC"><location begcolumn="20" begline="79" endcolumn="20" endline="79" loc="79.20 - 79.20"/></term><term lexeme="while" token="KEYWORD_WHILE"><location begcolumn="17" begline="80" endcolumn="21" endline="80" loc="80.17 - 80.21"/></term><term lexeme="j" token="IDENTIFIER"><location begcolumn="23" begline="80" endcolumn="23" endline="80" loc="80.23 - 80.23"/></term><term lexeme="&lt;" token="SYMBOL_LT"><location begcolumn="24" begline="80" endcolumn="24" endline="80" loc="80.24 - 80.24"/></term><term lexeme="n" token="IDENTIFIER"><location begcolumn="25" begline="80" endcolumn="25" endline="80" loc="80.25 - 80.25"/></term><term lexeme="do" token="KEYWORD_DO"><location begcolumn="27" begline="80" endcolumn="28" endline="80" loc="80.27 - 80.28"/></term><term lexeme="{" token="SYMBOL_LCBR"><location begcolumn="30" begline="80" endcolumn="30" endline="80" loc="80.30 - 80.30"/></term><term lexeme="i" token="IDENTIFIER"><location begcolumn="19" begline="81" endcolumn="19" endline="81" loc="81.19 - 81.19"/></term><term lexeme="=" token="SYMBOL_EQUALS"><location begcolumn="20" begline="81" endcolumn="20" endline="81" loc="81.20 - 81.20"/></term><term lexeme="0" token="INTEGER"><location begcolumn="21" begline="81" endcolumn="21" endline="81" loc="81.21 - 81.21"/></term><term lexeme=";" token="SYMBOL_SEMIC"><location begcolumn="22" begline="81" endcolumn="22" endline="81" loc="81.22 - 81.22"/></term><term lexeme="while" token="KEYWORD_WHILE"><location begcolumn="19" begline="82" endcolumn="23" endline="82" loc="82.19 - 82.23"/></term><term lexeme="i" token="IDENTIFIER"><location begcolumn="25" begline="82" endcolumn="25" endline="82" loc="82.25 - 82.25"/></term><term lexeme="&lt;" token="SYMBOL_LT"><location begcolumn="26" begline="82" endcolumn="26" endline="82" loc="82.26 - 82.26"/></term><term lexeme="n" token="IDENTIFIER"><location begcolumn="27" begline="82" endcolumn="27" endline="82" loc="82.27 - 82.27"/></term><term lexeme="do" token="KEYWORD_DO"><location begcolumn="29" begline="82" endcolumn="30" endline="82" loc="82.29 - 82.30"/></term><term lexeme="{" token="SYMBOL_LCBR"><location begcolumn="32" begline="82" endcolumn="32" endline="82" loc="82.32 - 82.32"/></term><term lexeme="putChar" token="IDENTIFIER"><location begcolumn="21" begline="83" endcolumn="27" endline="83" loc="83.21 - 83.27"/></term><term lexeme="(" token="SYMBOL_LBR"><location begcolumn="28" begline="83" endcolumn="28" endline="83" loc="83.28 - 83.28"/></term><term lexeme="{" token="SYMBOL_LCBR"><location begcolumn="29" begline="83" endcolumn="29" endline="83" loc="83.29 - 83.29"/></term><term lexeme="if" token="KEYWORD_IF"><location begcolumn="30" begline="83" endcolumn="31" endline="83" loc="83.30 - 83.31"/></term><term lexeme="qs" token="IDENTIFIER"><location begcolumn="33" begline="83" endcolumn="34" endline="83" loc="83.33 - 83.34"/></term><term lexeme="[" token="SYMBOL_LSBR"><location begcolumn="35" begline="83" endcolumn="35" endline="83" loc="83.35 - 83.35"/></term><term lexeme="i" token="IDENTIFIER"><location begcolumn="36" begline="83" endcolumn="36" endline="83" loc="83.36 - 83.36"/></term><term lexeme="]" token="SYMBOL_RSBR"><location begcolumn="37" begline="83" endcolumn="37" endline="83" loc="83.37 - 83.37"/></term><term lexeme="==" token="SYMBOL_EQ"><location begcolumn="38" begline="83" endcolumn="39" endline="83" loc="83.38 - 83.39"/></term><term lexeme="j" token="IDENTIFIER"><location begcolumn="40" begline="83" endcolumn="40" endline="83" loc="83.40 - 83.40"/></term><term lexeme="then" token="KEYWORD_THEN"><location begcolumn="42" begline="83" endcolumn="45" endline="83" loc="83.42 - 83.45"/></term><term lexeme="c" token="IDENTIFIER"><location begcolumn="47" begline="83" endcolumn="47" endline="83" loc="83.47 - 83.47"/></term><term lexeme="=" token="SYMBOL_EQUALS"><location begcolumn="48" begline="83" endcolumn="48" endline="83" loc="83.48 - 83.48"/></term><term lexeme="'O'" token="CHAR"><location begcolumn="49" begline="83" endcolumn="51" endline="83" loc="83.49 - 83.51"/></term><term lexeme="else" token="KEYWORD_ELSE"><location begcolumn="53" begline="83" endcolumn="56" endline="83" loc="83.53 - 83.56"/></term><term lexeme="c" token="IDENTIFIER"><location begcolumn="58" begline="83" endcolumn="58" endline="83" loc="83.58 - 83.58"/></term><term lexeme="=" token="SYMBOL_EQUALS"><location begcolumn="59" begline="83" endcolumn="59" endline="83" loc="83.59 - 83.59"/></term><term lexeme="'.'" token="CHAR"><location begcolumn="60" begline="83" endcolumn="62" endline="83" loc="83.60 - 83.62"/></term><term lexeme=";" token="SYMBOL_SEMIC"><location begcolumn="63" begline="83" endcolumn="63" endline="83" loc="83.63 - 83.63"/></term><term lexeme="c" token="IDENTIFIER"><location begcolumn="65" begline="83" endcolumn="65" endline="83" loc="83.65 - 83.65"/></term><term lexeme=";" token="SYMBOL_SEMIC"><location begcolumn="66" begline="83" endcolumn="66" endline="83" loc="83.66 - 83.66"/></term><term lexeme="}" token="SYMBOL_RCBR"><location begcolumn="68" begline="83" endcolumn="68" endline="83" loc="83.68 - 83.68"/></term><term lexeme="where" token="KEYWORD_WHERE"><location begcolumn="29" begline="84" endcolumn="33" endline="84" loc="84.29 - 84.33"/></term><term lexeme="{" token="SYMBOL_LCBR"><location begcolumn="35" begline="84" endcolumn="35" endline="84" loc="84.35 - 84.35"/></term><term lexeme="var" token="KEYWORD_VAR"><location begcolumn="37" begline="84" endcolumn="39" endline="84" loc="84.37 - 84.39"/></term><term lexeme="c" token="IDENTIFIER"><location begcolumn="41" begline="84" endcolumn="41" endline="84" loc="84.41 - 84.41"/></term><term lexeme=":" token="SYMBOL_COLON"><location begcolumn="42" begline="84" endcolumn="42" endline="84" loc="84.42 - 84.42"/></term><term lexeme="char" token="KEYWORD_CHAR"><location begcolumn="43" begline="84" endcolumn="46" endline="84" loc="84.43 - 84.46"/></term><term lexeme="}" token="SYMBOL_RCBR"><location begcolumn="48" begline="84" endcolumn="48" endline="84" loc="84.48 - 84.48"/></term><term lexeme=")" token="SYMBOL_RBR"><location begcolumn="49" begline="84" endcolumn="49" endline="84" loc="84.49 - 84.49"/></term><term lexeme=";" token="SYMBOL_SEMIC"><location begcolumn="50" begline="84" endcolumn="50" endline="84" loc="84.50 - 84.50"/></term><term lexeme="i" token="IDENTIFIER"><location begcolumn="21" begline="85" endcolumn="21" endline="85" loc="85.21 - 85.21"/></term><term lexeme="=" token="SYMBOL_EQUALS"><location begcolumn="22" begline="85" endcolumn="22" endline="85" loc="85.22 - 85.22"/></term><term lexeme="i" token="IDENTIFIER"><location begcolumn="23" begline="85" endcolumn="23" endline="85" loc="85.23 - 85.23"/></term><term lexeme="+" token="SYMBOL_PLUS"><location begcolumn="24" begline="85" endcolumn="24" endline="85" loc="85.24 - 85.24"/></term><term lexeme="1" token="INTEGER"><location begcolumn="25" begline="85" endcolumn="25" endline="85" loc="85.25 - 85.25"/></term><term lexeme=";" token="SYMBOL_SEMIC"><location begcolumn="26" begline="85" endcolumn="26" endline="85" loc="85.26 - 85.26"/></term><term lexeme="}" token="SYMBOL_RCBR"><location begcolumn="19" begline="86" endcolumn="19" endline="86" loc="86.19 - 86.19"/></term><term lexeme=";" token="SYMBOL_SEMIC"><location begcolumn="20" begline="86" endcolumn="20" endline="86" loc="86.20 - 86.20"/></term><term lexeme="putChar" token="IDENTIFIER"><location begcolumn="19" begline="87" endcolumn="25" endline="87" loc="87.19 - 87.25"/></term><term lexeme="(" token="SYMBOL_LBR"><location begcolumn="26" begline="87" endcolumn="26" endline="87" loc="87.26 - 87.26"/></term><term lexeme="(" token="SYMBOL_LBR"><location begcolumn="27" begline="87" endcolumn="27" endline="87" loc="87.27 - 87.27"/></term><term lexeme="10" token="INTEGER"><location begcolumn="28" begline="87" endcolumn="29" endline="87" loc="87.28 - 87.29"/></term><term lexeme=":" token="SYMBOL_COLON"><location begcolumn="30" begline="87" endcolumn="30" endline="87" loc="87.30 - 87.30"/></term><term lexeme="char" token="KEYWORD_CHAR"><location begcolumn="31" begline="87" endcolumn="34" endline="87" loc="87.31 - 87.34"/></term><term lexeme=")" token="SYMBOL_RBR"><location begcolumn="35" begline="87" endcolumn="35" endline="87" loc="87.35 - 87.35"/></term><term lexeme=")" token="SYMBOL_RBR"><location begcolumn="36" begline="87" endcolumn="36" endline="87" loc="87.36 - 87.36"/></term><term lexeme=";" token="SYMBOL_SEMIC"><location begcolumn="37" begline="87" endcolumn="37" endline="87" loc="87.37 - 87.37"/></term><term lexeme="j" token="IDENTIFIER"><location begcolumn="19" begline="88" endcolumn="19" endline="88" loc="88.19 - 88.19"/></term><term lexeme="=" token="SYMBOL_EQUALS"><location begcolumn="20" begline="88" endcolumn="20" endline="88" loc="88.20 - 88.20"/></term><term lexeme="j" token="IDENTIFIER"><location begcolumn="21" begline="88" endcolumn="21" endline="88" loc="88.21 - 88.21"/></term><term lexeme="+" token="SYMBOL_PLUS"><location begcolumn="22" begline="88" endcolumn="22" endline="88" loc="88.22 - 88.22"/></term><term lexeme="1" token="INTEGER"><location begcolumn="23" begline="88" endcolumn="23" endline="88" loc="88.23 - 88.23"/></term><term lexeme=";" token="SYMBOL_SEMIC"><location begcolumn="24" begline="88" endcolumn="24" endline="88" loc="88.24 - 88.24"/></term><term lexeme="}" token="SYMBOL_RCBR"><location begcolumn="17" begline="89" endcolumn="17" endline="89" loc="89.17 - 89.17"/></term><term lexeme=";" token="SYMBOL_SEMIC"><location begcolumn="18" begline="89" endcolumn="18" endline="89" loc="89.18 - 89.18"/></term><term lexeme="putChar" token="IDENTIFIER"><location begcolumn="17" begline="90" endcolumn="23" endline="90" loc="90.17 - 90.23"/></term><term lexeme="(" token="SYMBOL_LBR"><location begcolumn="24" begline="90" endcolumn="24" endline="90" loc="90.24 - 90.24"/></term><term lexeme="(" token="SYMBOL_LBR"><location begcolumn="25" begline="90" endcolumn="25" endline="90" loc="90.25 - 90.25"/></term><term lexeme="10" token="INTEGER"><location begcolumn="26" begline="90" endcolumn="27" endline="90" loc="90.26 - 90.27"/></term><term lexeme=":" token="SYMBOL_COLON"><location begcolumn="28" begline="90" endcolumn="28" endline="90" loc="90.28 - 90.28"/></term><term lexeme="char" token="KEYWORD_CHAR"><location begcolumn="29" begline="90" endcolumn="32" endline="90" loc="90.29 - 90.32"/></term><term lexeme=")" token="SYMBOL_RBR"><location begcolumn="33" begline="90" endcolumn="33" endline="90" loc="90.33 - 90.33"/></term><term lexeme=")" token="SYMBOL_RBR"><location begcolumn="34" begline="90" endcolumn="34" endline="90" loc="90.34 - 90.34"/></term><term lexeme=";" token="SYMBOL_SEMIC"><location begcolumn="35" begline="90" endcolumn="35" endline="90" loc="90.35 - 90.35"/></term><term lexeme="all" token="IDENTIFIER"><location begcolumn="17" begline="91" endcolumn="19" endline="91" loc="91.17 - 91.19"/></term><term lexeme="=" token="SYMBOL_EQUALS"><location begcolumn="20" begline="91" endcolumn="20" endline="91" loc="91.20 - 91.20"/></term><term lexeme="1" token="INTEGER"><location begcolumn="21" begline="91" endcolumn="21" endline="91" loc="91.21 - 91.21"/></term><term lexeme=";" token="SYMBOL_SEMIC"><location begcolumn="22" begline="91" endcolumn="22" endline="91" loc="91.22 - 91.22"/></term><term lexeme="}" token="SYMBOL_RCBR"><location begcolumn="15" begline="92" endcolumn="15" endline="92" loc="92.15 - 92.15"/></term><term lexeme="else" token="KEYWORD_ELSE"><location begcolumn="13" begline="93" endcolumn="16" endline="93" loc="93.13 - 93.16"/></term><term lexeme="{" token="SYMBOL_LCBR"><location begcolumn="15" begline="94" endcolumn="15" endline="94" loc="94.15 - 94.15"/></term><term lexeme="all" token="IDENTIFIER"><location begcolumn="17" begline="95" endcolumn="19" endline="95" loc="95.17 - 95.19"/></term><term lexeme="=" token="SYMBOL_EQUALS"><location begcolumn="20" begline="95" endcolumn="20" endline="95" loc="95.20 - 95.20"/></term><term lexeme="0" token="INTEGER"><location begcolumn="21" begline="95" endcolumn="21" endline="95" loc="95.21 - 95.21"/></term><term lexeme=";" token="SYMBOL_SEMIC"><location begcolumn="22" begline="95" endcolumn="22" endline="95" loc="95.22 - 95.22"/></term><term lexeme="j" token="IDENTIFIER"><location begcolumn="17" begline="96" endcolumn="17" endline="96" loc="96.17 - 96.17"/></term><term lexeme="=" token="SYMBOL_EQUALS"><location begcolumn="18" begline="96" endcolumn="18" endline="96" loc="96.18 - 96.18"/></term><term lexeme="0" token="INTEGER"><location begcolumn="19" begline="96" endcolumn="19" endline="96" loc="96.19 - 96.19"/></term><term lexeme=";" token="SYMBOL_SEMIC"><location begcolumn="20" begline="96" endcolumn="20" endline="96" loc="96.20 - 96.20"/></term><term lexeme="while" token="KEYWORD_WHILE"><location begcolumn="17" begline="97" endcolumn="21" endline="97" loc="97.17 - 97.21"/></term><term lexeme="j" token="IDENTIFIER"><location begcolumn="23" begline="97" endcolumn="23" endline="97" loc="97.23 - 97.23"/></term><term lexeme="&lt;" token="SYMBOL_LT"><location begcolumn="24" begline="97" endcolumn="24" endline="97" loc="97.24 - 97.24"/></term><term lexeme="n" token="IDENTIFIER"><location begcolumn="25" begline="97" endcolumn="25" endline="97" loc="97.25 - 97.25"/></term><term lexeme="do" token="KEYWORD_DO"><location begcolumn="27" begline="97" endcolumn="28" endline="97" loc="97.27 - 97.28"/></term><term lexeme="{" token="SYMBOL_LCBR"><location begcolumn="30" begline="97" endcolumn="30" endline="97" loc="97.30 - 97.30"/></term><term lexeme="qs" token="IDENTIFIER"><location begcolumn="19" begline="98" endcolumn="20" endline="98" loc="98.19 - 98.20"/></term><term lexeme="[" token="SYMBOL_LSBR"><location begcolumn="21" begline="98" endcolumn="21" endline="98" loc="98.21 - 98.21"/></term><term lexeme="i" token="IDENTIFIER"><location begcolumn="22" begline="98" endcolumn="22" endline="98" loc="98.22 - 98.22"/></term><term lexeme="]" token="SYMBOL_RSBR"><location begcolumn="23" begline="98" endcolumn="23" endline="98" loc="98.23 - 98.23"/></term><term lexeme="=" token="SYMBOL_EQUALS"><location begcolumn="24" begline="98" endcolumn="24" endline="98" loc="98.24 - 98.24"/></term><term lexeme="j" token="IDENTIFIER"><location begcolumn="25" begline="98" endcolumn="25" endline="98" loc="98.25 - 98.25"/></term><term lexeme=";" token="SYMBOL_SEMIC"><location begcolumn="26" begline="98" endcolumn="26" endline="98" loc="98.26 - 98.26"/></term><term lexeme="ok" token="IDENTIFIER"><location begcolumn="19" begline="99" endcolumn="20" endline="99" loc="99.19 - 99.20"/></term><term lexeme="=" token="SYMBOL_EQUALS"><location begcolumn="21" begline="99" endcolumn="21" endline="99" loc="99.21 - 99.21"/></term><term lexeme="true" token="BOOLEAN"><location begcolumn="22" begline="99" endcolumn="25" endline="99" loc="99.22 - 99.25"/></term><term lexeme=";" token="SYMBOL_SEMIC"><location begcolumn="26" begline="99" endcolumn="26" endline="99" loc="99.26 - 99.26"/></term><term lexeme="{" token="SYMBOL_LCBR"><location begcolumn="19" begline="100" endcolumn="19" endline="100" loc="100.19 - 100.19"/></term><term lexeme="k" token="IDENTIFIER"><location begcolumn="21" begline="101" endcolumn="21" endline="101" loc="101.21 - 101.21"/></term><term lexeme="=" token="SYMBOL_EQUALS"><location begcolumn="22" begline="101" endcolumn="22" endline="101" loc="101.22 - 101.22"/></term><term lexeme="0" token="INTEGER"><location begcolumn="23" begline="101" endcolumn="23" endline="101" loc="101.23 - 101.23"/></term><term lexeme=";" token="SYMBOL_SEMIC"><location begcolumn="24" begline="101" endcolumn="24" endline="101" loc="101.24 - 101.24"/></term><term lexeme="while" token="KEYWORD_WHILE"><location begcolumn="21" begline="102" endcolumn="25" endline="102" loc="102.21 - 102.25"/></term><term lexeme="k" token="IDENTIFIER"><location begcolumn="27" begline="102" endcolumn="27" endline="102" loc="102.27 - 102.27"/></term><term lexeme="&lt;" token="SYMBOL_LT"><location begcolumn="28" begline="102" endcolumn="28" endline="102" loc="102.28 - 102.28"/></term><term lexeme="i" token="IDENTIFIER"><location begcolumn="29" begline="102" endcolumn="29" endline="102" loc="102.29 - 102.29"/></term><term lexeme="do" token="KEYWORD_DO"><location begcolumn="31" begline="102" endcolumn="32" endline="102" loc="102.31 - 102.32"/></term><term lexeme="{" token="SYMBOL_LCBR"><location begcolumn="34" begline="102" endcolumn="34" endline="102" loc="102.34 - 102.34"/></term><term lexeme="ok" token="IDENTIFIER"><location begcolumn="23" begline="103" endcolumn="24" endline="103" loc="103.23 - 103.24"/></term><term lexeme="=" token="SYMBOL_EQUALS"><location begcolumn="25" begline="103" endcolumn="25" endline="103" loc="103.25 - 103.25"/></term><term lexeme="ok" token="IDENTIFIER"><location begcolumn="26" begline="103" endcolumn="27" endline="103" loc="103.26 - 103.27"/></term><term lexeme="&amp;" token="SYMBOL_AND"><location begcolumn="28" begline="103" endcolumn="28" endline="103" loc="103.28 - 103.28"/></term><term lexeme="(" token="SYMBOL_LBR"><location begcolumn="29" begline="103" endcolumn="29" endline="103" loc="103.29 - 103.29"/></term><term lexeme="qs" token="IDENTIFIER"><location begcolumn="30" begline="103" endcolumn="31" endline="103" loc="103.30 - 103.31"/></term><term lexeme="[" token="SYMBOL_LSBR"><location begcolumn="32" begline="103" endcolumn="32" endline="103" loc="103.32 - 103.32"/></term><term lexeme="k" token="IDENTIFIER"><location begcolumn="33" begline="103" endcolumn="33" endline="103" loc="103.33 - 103.33"/></term><term lexeme="]" token="SYMBOL_RSBR"><location begcolumn="34" begline="103" endcolumn="34" endline="103" loc="103.34 - 103.34"/></term><term lexeme="!=" token="SYMBOL_NEQ"><location begcolumn="35" begline="103" endcolumn="36" endline="103" loc="103.35 - 103.36"/></term><term lexeme="qs" token="IDENTIFIER"><location begcolumn="37" begline="103" endcolumn="38" endline="103" loc="103.37 - 103.38"/></term><term lexeme="[" token="SYMBOL_LSBR"><location begcolumn="39" begline="103" endcolumn="39" endline="103" loc="103.39 - 103.39"/></term><term lexeme="i" token="IDENTIFIER"><location begcolumn="40" begline="103" endcolumn="40" endline="103" loc="103.40 - 103.40"/></term><term lexeme="]" token="SYMBOL_RSBR"><location begcolumn="41" begline="103" endcolumn="41" endline="103" loc="103.41 - 103.41"/></term><term lexeme=")" token="SYMBOL_RBR"><location begcolumn="42" begline="103" endcolumn="42" endline="103" loc="103.42 - 103.42"/></term><term lexeme=";" token="SYMBOL_SEMIC"><location begcolumn="43" begline="103" endcolumn="43" endline="103" loc="103.43 - 103.43"/></term><term lexeme="ok" token="IDENTIFIER"><location begcolumn="23" begline="104" endcolumn="24" endline="104" loc="104.23 - 104.24"/></term><term lexeme="=" token="SYMBOL_EQUALS"><location begcolumn="25" begline="104" endcolumn="25" endline="104" loc="104.25 - 104.25"/></term><term lexeme="ok" token="IDENTIFIER"><location begcolumn="26" begline="104" endcolumn="27" endline="104" loc="104.26 - 104.27"/></term><term lexeme="&amp;" token="SYMBOL_AND"><location begcolumn="28" begline="104" endcolumn="28" endline="104" loc="104.28 - 104.28"/></term><term lexeme="(" token="SYMBOL_LBR"><location begcolumn="29" begline="104" endcolumn="29" endline="104" loc="104.29 - 104.29"/></term><term lexeme="qs" token="IDENTIFIER"><location begcolumn="30" begline="104" endcolumn="31" endline="104" loc="104.30 - 104.31"/></term><term lexeme="[" token="SYMBOL_LSBR"><location begcolumn="32" begline="104" endcolumn="32" endline="104" loc="104.32 - 104.32"/></term><term lexeme="k" token="IDENTIFIER"><location begcolumn="33" begline="104" endcolumn="33" endline="104" loc="104.33 - 104.33"/></term><term lexeme="]" token="SYMBOL_RSBR"><location begcolumn="34" begline="104" endcolumn="34" endline="104" loc="104.34 - 104.34"/></term><term lexeme="-" token="SYMBOL_MIN"><location begcolumn="35" begline="104" endcolumn="35" endline="104" loc="104.35 - 104.35"/></term><term lexeme="qs" token="IDENTIFIER"><location begcolumn="36" begline="104" endcolumn="37" endline="104" loc="104.36 - 104.37"/></term><term lexeme="[" token="SYMBOL_LSBR"><location begcolumn="38" begline="104" endcolumn="38" endline="104" loc="104.38 - 104.38"/></term><term lexeme="i" token="IDENTIFIER"><location begcolumn="39" begline="104" endcolumn="39" endline="104" loc="104.39 - 104.39"/></term><term lexeme="]" token="SYMBOL_RSBR"><location begcolumn="40" begline="104" endcolumn="40" endline="104" loc="104.40 - 104.40"/></term><term lexeme="!=" token="SYMBOL_NEQ"><location begcolumn="41" begline="104" endcolumn="42" endline="104" loc="104.41 - 104.42"/></term><term lexeme="k" token="IDENTIFIER"><location begcolumn="43" begline="104" endcolumn="43" endline="104" loc="104.43 - 104.43"/></term><term lexeme="-" token="SYMBOL_MIN"><location begcolumn="44" begline="104" endcolumn="44" endline="104" loc="104.44 - 104.44"/></term><term lexeme="i" token="IDENTIFIER"><location begcolumn="45" begline="104" endcolumn="45" endline="104" loc="104.45 - 104.45"/></term><term lexeme=")" token="SYMBOL_RBR"><location begcolumn="46" begline="104" endcolumn="46" endline="104" loc="104.46 - 104.46"/></term><term lexeme=";" token="SYMBOL_SEMIC"><location begcolumn="47" begline="104" endcolumn="47" endline="104" loc="104.47 - 104.47"/></term><term lexeme="ok" token="IDENTIFIER"><location begcolumn="23" begline="105" endcolumn="24" endline="105" loc="105.23 - 105.24"/></term><term lexeme="=" token="SYMBOL_EQUALS"><location begcolumn="25" begline="105" endcolumn="25" endline="105" loc="105.25 - 105.25"/></term><term lexeme="ok" token="IDENTIFIER"><location begcolumn="26" begline="105" endcolumn="27" endline="105" loc="105.26 - 105.27"/></term><term lexeme="&amp;" token="SYMBOL_AND"><location begcolumn="28" begline="105" endcolumn="28" endline="105" loc="105.28 - 105.28"/></term><term lexeme="(" token="SYMBOL_LBR"><location begcolumn="29" begline="105" endcolumn="29" endline="105" loc="105.29 - 105.29"/></term><term lexeme="qs" token="IDENTIFIER"><location begcolumn="30" begline="105" endcolumn="31" endline="105" loc="105.30 - 105.31"/></term><term lexeme="[" token="SYMBOL_LSBR"><location begcolumn="32" begline="105" endcolumn="32" endline="105" loc="105.32 - 105.32"/></term><term lexeme="k" token="IDENTIFIER"><location begcolumn="33" begline="105" endcolumn="33" endline="105" loc="105.33 - 105.33"/></term><term lexeme="]" token="SYMBOL_RSBR"><location begcolumn="34" begline="105" endcolumn="34" endline="105" loc="105.34 - 105.34"/></term><term lexeme="-" token="SYMBOL_MIN"><location begcolumn="35" begline="105" endcolumn="35" endline="105" loc="105.35 - 105.35"/></term><term lexeme="qs" token="IDENTIFIER"><location begcolumn="36" begline="105" endcolumn="37" endline="105" loc="105.36 - 105.37"/></term><term lexeme="[" token="SYMBOL_LSBR"><location begcolumn="38" begline="105" endcolumn="38" endline="105" loc="105.38 - 105.38"/></term><term lexeme="i" token="IDENTIFIER"><location begcolumn="39" begline="105" endcolumn="39" endline="105" loc="105.39 - 105.39"/></term><term lexeme="]" token="SYMBOL_RSBR"><location begcolumn="40" begline="105" endcolumn="40" endline="105" loc="105.40 - 105.40"/></term><term lexeme="!=" token="SYMBOL_NEQ"><location begcolumn="41" begline="105" endcolumn="42" endline="105" loc="105.41 - 105.42"/></term><term lexeme="i" token="IDENTIFIER"><location begcolumn="43" begline="105" endcolumn="43" endline="105" loc="105.43 - 105.43"/></term><term lexeme="-" token="SYMBOL_MIN"><location begcolumn="44" begline="105" endcolumn="44" endline="105" loc="105.44 - 105.44"/></term><term lexeme="k" token="IDENTIFIER"><location begcolumn="45" begline="105" endcolumn="45" endline="105" loc="105.45 - 105.45"/></term><term lexeme=")" token="SYMBOL_RBR"><location begcolumn="46" begline="105" endcolumn="46" endline="105" loc="105.46 - 105.46"/></term><term lexeme=";" token="SYMBOL_SEMIC"><location begcolumn="47" begline="105" endcolumn="47" endline="105" loc="105.47 - 105.47"/></term><term lexeme="k" token="IDENTIFIER"><location begcolumn="23" begline="106" endcolumn="23" endline="106" loc="106.23 - 106.23"/></term><term lexeme="=" token="SYMBOL_EQUALS"><location begcolumn="24" begline="106" endcolumn="24" endline="106" loc="106.24 - 106.24"/></term><term lexeme="k" token="IDENTIFIER"><location begcolumn="25" begline="106" endcolumn="25" endline="106" loc="106.25 - 106.25"/></term><term lexeme="+" token="SYMBOL_PLUS"><location begcolumn="26" begline="106" endcolumn="26" endline="106" loc="106.26 - 106.26"/></term><term lexeme="1" token="INTEGER"><location begcolumn="27" begline="106" endcolumn="27" endline="106" loc="106.27 - 106.27"/></term><term lexeme=";" token="SYMBOL_SEMIC"><location begcolumn="28" begline="106" endcolumn="28" endline="106" loc="106.28 - 106.28"/></term><term lexeme="}" token="SYMBOL_RCBR"><location begcolumn="21" begline="107" endcolumn="21" endline="107" loc="107.21 - 107.21"/></term><term lexeme=";" token="SYMBOL_SEMIC"><location begcolumn="22" begline="107" endcolumn="22" endline="107" loc="107.22 - 107.22"/></term><term lexeme="}" token="SYMBOL_RCBR"><location begcolumn="19" begline="108" endcolumn="19" endline="108" loc="108.19 - 108.19"/></term><term lexeme="where" token="KEYWORD_WHERE"><location begcolumn="21" begline="108" endcolumn="25" endline="108" loc="108.21 - 108.25"/></term><term lexeme="{" token="SYMBOL_LCBR"><location begcolumn="27" begline="108" endcolumn="27" endline="108" loc="108.27 - 108.27"/></term><term lexeme="var" token="KEYWORD_VAR"><location begcolumn="29" begline="108" endcolumn="31" endline="108" loc="108.29 - 108.31"/></term><term lexeme="k" token="IDENTIFIER"><location begcolumn="33" begline="108" endcolumn="33" endline="108" loc="108.33 - 108.33"/></term><term lexeme=":" token="SYMBOL_COLON"><location begcolumn="34" begline="108" endcolumn="34" endline="108" loc="108.34 - 108.34"/></term><term lexeme="integer" token="KEYWORD_INT"><location begcolumn="35" begline="108" endcolumn="41" endline="108" loc="108.35 - 108.41"/></term><term lexeme="}" token="SYMBOL_RCBR"><location begcolumn="43" begline="108" endcolumn="43" endline="108" loc="108.43 - 108.43"/></term><term lexeme=";" token="SYMBOL_SEMIC"><location begcolumn="44" begline="108" endcolumn="44" endline="108" loc="108.44 - 108.44"/></term><term lexeme="if" token="KEYWORD_IF"><location begcolumn="19" begline="109" endcolumn="20" endline="109" loc="109.19 - 109.20"/></term><term lexeme="ok" token="IDENTIFIER"><location begcolumn="22" begline="109" endcolumn="23" endline="109" loc="109.22 - 109.23"/></term><term lexeme="then" token="KEYWORD_THEN"><location begcolumn="25" begline="109" endcolumn="28" endline="109" loc="109.25 - 109.28"/></term><term lexeme="all" token="IDENTIFIER"><location begcolumn="30" begline="109" endcolumn="32" endline="109" loc="109.30 - 109.32"/></term><term lexeme="=" token="SYMBOL_EQUALS"><location begcolumn="33" begline="109" endcolumn="33" endline="109" loc="109.33 - 109.33"/></term><term lexeme="all" token="IDENTIFIER"><location begcolumn="34" begline="109" endcolumn="36" endline="109" loc="109.34 - 109.36"/></term><term lexeme="+" token="SYMBOL_PLUS"><location begcolumn="37" begline="109" endcolumn="37" endline="109" loc="109.37 - 109.37"/></term><term lexeme="queens" token="IDENTIFIER"><location begcolumn="38" begline="109" endcolumn="43" endline="109" loc="109.38 - 109.43"/></term><term lexeme="(" token="SYMBOL_LBR"><location begcolumn="44" begline="109" endcolumn="44" endline="109" loc="109.44 - 109.44"/></term><term lexeme="i" token="IDENTIFIER"><location begcolumn="45" begline="109" endcolumn="45" endline="109" loc="109.45 - 109.45"/></term><term lexeme="+" token="SYMBOL_PLUS"><location begcolumn="46" begline="109" endcolumn="46" endline="109" loc="109.46 - 109.46"/></term><term lexeme="1" token="INTEGER"><location begcolumn="47" begline="109" endcolumn="47" endline="109" loc="109.47 - 109.47"/></term><term lexeme=")" token="SYMBOL_RBR"><location begcolumn="48" begline="109" endcolumn="48" endline="109" loc="109.48 - 109.48"/></term><term lexeme="else" token="KEYWORD_ELSE"><location begcolumn="50" begline="109" endcolumn="53" endline="109" loc="109.50 - 109.53"/></term><term lexeme="none" token="VOID"><location begcolumn="55" begline="109" endcolumn="58" endline="109" loc="109.55 - 109.58"/></term><term lexeme=";" token="SYMBOL_SEMIC"><location begcolumn="59" begline="109" endcolumn="59" endline="109" loc="109.59 - 109.59"/></term><term lexeme="j" token="IDENTIFIER"><location begcolumn="19" begline="110" endcolumn="19" endline="110" loc="110.19 - 110.19"/></term><term lexeme="=" token="SYMBOL_EQUALS"><location begcolumn="20" begline="110" endcolumn="20" endline="110" loc="110.20 - 110.20"/></term><term lexeme="j" token="IDENTIFIER"><location begcolumn="21" begline="110" endcolumn="21" endline="110" loc="110.21 - 110.21"/></term><term lexeme="+" token="SYMBOL_PLUS"><location begcolumn="22" begline="110" endcolumn="22" endline="110" loc="110.22 - 110.22"/></term><term lexeme="1" token="INTEGER"><location begcolumn="23" begline="110" endcolumn="23" endline="110" loc="110.23 - 110.23"/></term><term lexeme=";" token="SYMBOL_SEMIC"><location begcolumn="24" begline="110" endcolumn="24" endline="110" loc="110.24 - 110.24"/></term><term lexeme="}" token="SYMBOL_RCBR"><location begcolumn="17" begline="111" endcolumn="17" endline="111" loc="111.17 - 111.17"/></term><term lexeme=";" token="SYMBOL_SEMIC"><location begcolumn="18" begline="111" endcolumn="18" endline="111" loc="111.18 - 111.18"/></term><term lexeme="}" token="SYMBOL_RCBR"><location begcolumn="15" begline="112" endcolumn="15" endline="112" loc="112.15 - 112.15"/></term><term lexeme=";" token="SYMBOL_SEMIC"><location begcolumn="16" begline="112" endcolumn="16" endline="112" loc="112.16 - 112.16"/></term><term lexeme="all" token="IDENTIFIER"><location begcolumn="13" begline="113" endcolumn="15" endline="113" loc="113.13 - 113.15"/></term><term lexeme=";" token="SYMBOL_SEMIC"><location begcolumn="16" begline="113" endcolumn="16" endline="113" loc="113.16 - 113.16"/></term><term lexeme="}" token="SYMBOL_RCBR"><location begcolumn="11" begline="114" endcolumn="11" endline="114" loc="114.11 - 114.11"/></term><term lexeme="where" token="KEYWORD_WHERE"><location begcolumn="11" begline="115" endcolumn="15" endline="115" loc="115.11 - 115.15"/></term><term lexeme="{" token="SYMBOL_LCBR"><location begcolumn="11" begline="116" endcolumn="11" endline="116" loc="116.11 - 116.11"/></term><term lexeme="var" token="KEYWORD_VAR"><location begcolumn="13" begline="117" endcolumn="15" endline="117" loc="117.13 - 117.15"/></term><term lexeme="j" token="IDENTIFIER"><location begcolumn="17" begline="117" endcolumn="17" endline="117" loc="117.17 - 117.17"/></term><term lexeme=":" token="SYMBOL_COLON"><location begcolumn="18" begline="117" endcolumn="18" endline="117" loc="117.18 - 117.18"/></term><term lexeme="integer" token="KEYWORD_INT"><location begcolumn="19" begline="117" endcolumn="25" endline="117" loc="117.19 - 117.25"/></term><term lexeme="var" token="KEYWORD_VAR"><location begcolumn="13" begline="118" endcolumn="15" endline="118" loc="118.13 - 118.15"/></term><term lexeme="ok" token="IDENTIFIER"><location begcolumn="17" begline="118" endcolumn="18" endline="118" loc="118.17 - 118.18"/></term><term lexeme=":" token="SYMBOL_COLON"><location begcolumn="19" begline="118" endcolumn="19" endline="118" loc="118.19 - 118.19"/></term><term lexeme="boolean" token="KEYWORD_BOOL"><location begcolumn="20" begline="118" endcolumn="26" endline="118" loc="118.20 - 118.26"/></term><term lexeme="var" token="KEYWORD_VAR"><location begcolumn="13" begline="119" endcolumn="15" endline="119" loc="119.13 - 119.15"/></term><term lexeme="all" token="IDENTIFIER"><location begcolumn="17" begline="119" endcolumn="19" endline="119" loc="119.17 - 119.19"/></term><term lexeme=":" token="SYMBOL_COLON"><location begcolumn="20" begline="119" endcolumn="20" endline="119" loc="119.20 - 119.20"/></term><term lexeme="integer" token="KEYWORD_INT"><location begcolumn="21" begline="119" endcolumn="27" endline="119" loc="119.21 - 119.27"/></term><term lexeme="}" token="SYMBOL_RCBR"><location begcolumn="11" begline="120" endcolumn="11" endline="120" loc="120.11 - 120.11"/></term><term lexeme="}" token="SYMBOL_RCBR"><location begcolumn="5" begline="121" endcolumn="5" endline="121" loc="121.5 - 121.5"/></term><term lexeme="" token="EOF"/></lexan>