<?xml version="1.0" encoding="UTF-8" standalone="no"?><?xml-stylesheet type="text/xsl" href="../lib/xsl/imclin.xsl"?><imclin><codechunk entrylabel="L39" exitlabel="L40"><frame FP="T0" RV="T1" argssize="0" depth="0" label="_exit" locssize="0" size="16"/><stmt><imc instruction="LABEL(L39)"/></stmt><stmt><imc instruction="MOVE"><imc instruction="TEMP(18)"/><imc instruction="CONST(0)"/></imc></stmt><stmt><imc instruction="MOVE"><imc instruction="TEMP(1)"/><imc instruction="TEMP(18)"/></imc></stmt><stmt><imc instruction="JUMP(L40)"/></stmt></codechunk><codechunk entrylabel="L41" exitlabel="L42"><frame FP="T2" RV="T3" argssize="0" depth="0" label="_putChar" locssize="0" size="16"/><stmt><imc instruction="LABEL(L41)"/></stmt><stmt><imc instruction="MOVE"><imc instruction="TEMP(19)"/><imc instruction="CONST(0)"/></imc></stmt><stmt><imc instruction="MOVE"><imc instruction="TEMP(3)"/><imc instruction="TEMP(19)"/></imc></stmt><stmt><imc instruction="JUMP(L42)"/></stmt></codechunk><codechunk entrylabel="L43" exitlabel="L44"><frame FP="T4" RV="T5" argssize="0" depth="0" label="_getChar" locssize="0" size="16"/><stmt><imc instruction="LABEL(L43)"/></stmt><stmt><imc instruction="MOVE"><imc instruction="TEMP(20)"/><imc instruction="CONST(0)"/></imc></stmt><stmt><imc instruction="MOVE"><imc instruction="TEMP(21)"/><imc instruction="CONST(256)"/></imc></stmt><stmt><imc instruction="MOVE"><imc instruction="TEMP(22)"/><imc instruction="BINOP(MOD)"><imc instruction="TEMP(20)"/><imc instruction="TEMP(21)"/></imc></imc></stmt><stmt><imc instruction="MOVE"><imc instruction="TEMP(5)"/><imc instruction="TEMP(22)"/></imc></stmt><stmt><imc instruction="JUMP(L44)"/></stmt></codechunk><codechunk entrylabel="L45" exitlabel="L46"><frame FP="T6" RV="T7" argssize="8" depth="1" label="_put" locssize="0" size="24"/><stmt><imc instruction="LABEL(L45)"/></stmt><stmt><imc instruction="MOVE"><imc instruction="TEMP(23)"/><imc instruction="TEMP(6)"/></imc></stmt><stmt><imc instruction="MOVE"><imc instruction="TEMP(24)"/><imc instruction="CONST(8)"/></imc></stmt><stmt><imc instruction="MOVE"><imc instruction="TEMP(25)"/><imc instruction="MEM"><imc instruction="BINOP(ADD)"><imc instruction="TEMP(23)"/><imc instruction="TEMP(24)"/></imc></imc></imc></stmt><stmt><imc instruction="MOVE"><imc instruction="TEMP(26)"/><imc instruction="CONST(0)"/></imc></stmt><stmt><imc instruction="CJUMP(L6,L7)"><imc instruction="BINOP(EQU)"><imc instruction="TEMP(25)"/><imc instruction="TEMP(26)"/></imc></imc></stmt><stmt><imc instruction="LABEL(L6)"/></stmt><stmt><imc instruction="ESTMT"><imc instruction="CONST(0)"/></imc></stmt><stmt><imc instruction="JUMP(L8)"/></stmt><stmt><imc instruction="LABEL(L7)"/></stmt><stmt><imc instruction="MOVE"><imc instruction="TEMP(27)"/><imc instruction="TEMP(6)"/></imc></stmt><stmt><imc instruction="MOVE"><imc instruction="TEMP(28)"/><imc instruction="CONST(8)"/></imc></stmt><stmt><imc instruction="MOVE"><imc instruction="TEMP(29)"/><imc instruction="MEM"><imc instruction="BINOP(ADD)"><imc instruction="TEMP(27)"/><imc instruction="TEMP(28)"/></imc></imc></imc></stmt><stmt><imc instruction="MOVE"><imc instruction="TEMP(30)"/><imc instruction="CONST(10)"/></imc></stmt><stmt><imc instruction="ESTMT"><imc instruction="CALL(_put)"><imc instruction="MEM"><imc instruction="TEMP(6)"/></imc><imc instruction="BINOP(DIV)"><imc instruction="TEMP(29)"/><imc instruction="TEMP(30)"/></imc></imc></imc></stmt><stmt><imc instruction="MOVE"><imc instruction="TEMP(31)"/><imc instruction="MEM"><imc instruction="MEM"><imc instruction="TEMP(6)"/></imc></imc></imc></stmt><stmt><imc instruction="MOVE"><imc instruction="TEMP(32)"/><imc instruction="TEMP(6)"/></imc></stmt><stmt><imc instruction="MOVE"><imc instruction="TEMP(33)"/><imc instruction="CONST(8)"/></imc></stmt><stmt><imc instruction="MOVE"><imc instruction="TEMP(34)"/><imc instruction="MEM"><imc instruction="BINOP(ADD)"><imc instruction="TEMP(32)"/><imc instruction="TEMP(33)"/></imc></imc></imc></stmt><stmt><imc instruction="MOVE"><imc instruction="TEMP(35)"/><imc instruction="CONST(10)"/></imc></stmt><stmt><imc instruction="MOVE"><imc instruction="TEMP(36)"/><imc instruction="BINOP(MOD)"><imc instruction="TEMP(34)"/><imc instruction="TEMP(35)"/></imc></imc></stmt><stmt><imc instruction="MOVE"><imc instruction="TEMP(37)"/><imc instruction="CONST(48)"/></imc></stmt><stmt><imc instruction="MOVE"><imc instruction="TEMP(38)"/><imc instruction="BINOP(ADD)"><imc instruction="TEMP(36)"/><imc instruction="TEMP(37)"/></imc></imc></stmt><stmt><imc instruction="MOVE"><imc instruction="TEMP(39)"/><imc instruction="CONST(256)"/></imc></stmt><stmt><imc instruction="MOVE"><imc instruction="TEMP(40)"/><imc instruction="BINOP(MOD)"><imc instruction="TEMP(38)"/><imc instruction="TEMP(39)"/></imc></imc></stmt><stmt><imc instruction="MOVE"><imc instruction="TEMP(41)"/><imc instruction="CALL(_putChar)"><imc instruction="TEMP(31)"/><imc instruction="TEMP(40)"/></imc></imc></stmt><stmt><imc instruction="ESTMT"><imc instruction="TEMP(41)"/></imc></stmt><stmt><imc instruction="LABEL(L8)"/></stmt><stmt><imc instruction="MOVE"><imc instruction="TEMP(42)"/><imc instruction="CONST(0)"/></imc></stmt><stmt><imc instruction="MOVE"><imc instruction="TEMP(7)"/><imc instruction="TEMP(42)"/></imc></stmt><stmt><imc instruction="JUMP(L46)"/></stmt></codechunk><codechunk entrylabel="L47" exitlabel="L48"><frame FP="T8" RV="T9" argssize="8" depth="0" label="_putInteger" locssize="0" size="24"/><stmt><imc instruction="LABEL(L47)"/></stmt><stmt><imc instruction="MOVE"><imc instruction="TEMP(43)"/><imc instruction="TEMP(8)"/></imc></stmt><stmt><imc instruction="MOVE"><imc instruction="TEMP(44)"/><imc instruction="CONST(8)"/></imc></stmt><stmt><imc instruction="MOVE"><imc instruction="TEMP(45)"/><imc instruction="MEM"><imc instruction="BINOP(ADD)"><imc instruction="TEMP(43)"/><imc instruction="TEMP(44)"/></imc></imc></imc></stmt><stmt><imc instruction="MOVE"><imc instruction="TEMP(46)"/><imc instruction="CONST(0)"/></imc></stmt><stmt><imc instruction="CJUMP(L0,L1)"><imc instruction="BINOP(LTH)"><imc instruction="TEMP(45)"/><imc instruction="TEMP(46)"/></imc></imc></stmt><stmt><imc instruction="LABEL(L0)"/></stmt><stmt><imc instruction="ESTMT"><imc instruction="CALL(_putChar)"><imc instruction="MEM"><imc instruction="TEMP(8)"/></imc><imc instruction="CONST(45)"/></imc></imc></stmt><stmt><imc instruction="MOVE"><imc instruction="TEMP(47)"/><imc instruction="TEMP(8)"/></imc></stmt><stmt><imc instruction="MOVE"><imc instruction="TEMP(48)"/><imc instruction="CONST(8)"/></imc></stmt><stmt><imc instruction="MOVE"><imc instruction="TEMP(49)"/><imc instruction="BINOP(ADD)"><imc instruction="TEMP(47)"/><imc instruction="TEMP(48)"/></imc></imc></stmt><stmt><imc instruction="MOVE"><imc instruction="TEMP(50)"/><imc instruction="TEMP(8)"/></imc></stmt><stmt><imc instruction="MOVE"><imc instruction="TEMP(51)"/><imc instruction="CONST(8)"/></imc></stmt><stmt><imc instruction="MOVE"><imc instruction="TEMP(52)"/><imc instruction="UNOP(NEG)"><imc instruction="MEM"><imc instruction="BINOP(ADD)"><imc instruction="TEMP(50)"/><imc instruction="TEMP(51)"/></imc></imc></imc></imc></stmt><stmt><imc instruction="MOVE"><imc instruction="MEM"><imc instruction="TEMP(49)"/></imc><imc instruction="TEMP(52)"/></imc></stmt><stmt><imc instruction="ESTMT"><imc instruction="CONST(0)"/></imc></stmt><stmt><imc instruction="JUMP(L2)"/></stmt><stmt><imc instruction="LABEL(L1)"/></stmt><stmt><imc instruction="ESTMT"><imc instruction="CONST(0)"/></imc></stmt><stmt><imc instruction="LABEL(L2)"/></stmt><stmt><imc instruction="MOVE"><imc instruction="TEMP(53)"/><imc instruction="TEMP(8)"/></imc></stmt><stmt><imc instruction="MOVE"><imc instruction="TEMP(54)"/><imc instruction="CONST(8)"/></imc></stmt><stmt><imc instruction="MOVE"><imc instruction="TEMP(55)"/><imc instruction="MEM"><imc instruction="BINOP(ADD)"><imc instruction="TEMP(53)"/><imc instruction="TEMP(54)"/></imc></imc></imc></stmt><stmt><imc instruction="MOVE"><imc instruction="TEMP(56)"/><imc instruction="CONST(0)"/></imc></stmt><stmt><imc instruction="CJUMP(L3,L4)"><imc instruction="BINOP(EQU)"><imc instruction="TEMP(55)"/><imc instruction="TEMP(56)"/></imc></imc></stmt><stmt><imc instruction="LABEL(L3)"/></stmt><stmt><imc instruction="ESTMT"><imc instruction="CALL(_putChar)"><imc instruction="MEM"><imc instruction="TEMP(8)"/></imc><imc instruction="CONST(48)"/></imc></imc></stmt><stmt><imc instruction="JUMP(L5)"/></stmt><stmt><imc instruction="LABEL(L4)"/></stmt><stmt><imc instruction="MOVE"><imc instruction="TEMP(57)"/><imc instruction="TEMP(8)"/></imc></stmt><stmt><imc instruction="MOVE"><imc instruction="TEMP(58)"/><imc instruction="CONST(8)"/></imc></stmt><stmt><imc instruction="ESTMT"><imc instruction="CALL(_put)"><imc instruction="TEMP(8)"/><imc instruction="MEM"><imc instruction="BINOP(ADD)"><imc instruction="TEMP(57)"/><imc instruction="TEMP(58)"/></imc></imc></imc></imc></stmt><stmt><imc instruction="LABEL(L5)"/></stmt><stmt><imc instruction="MOVE"><imc instruction="TEMP(59)"/><imc instruction="CONST(0)"/></imc></stmt><stmt><imc instruction="MOVE"><imc instruction="TEMP(9)"/><imc instruction="TEMP(59)"/></imc></stmt><stmt><imc instruction="JUMP(L48)"/></stmt></codechunk><codechunk entrylabel="L49" exitlabel="L50"><frame FP="T10" RV="T11" argssize="0" depth="0" label="_getInteger" locssize="24" size="40"/><stmt><imc instruction="LABEL(L49)"/></stmt><stmt><imc instruction="MOVE"><imc instruction="TEMP(60)"/><imc instruction="TEMP(10)"/></imc></stmt><stmt><imc instruction="MOVE"><imc instruction="TEMP(61)"/><imc instruction="CONST(-8)"/></imc></stmt><stmt><imc instruction="MOVE"><imc instruction="TEMP(62)"/><imc instruction="BINOP(ADD)"><imc instruction="TEMP(60)"/><imc instruction="TEMP(61)"/></imc></imc></stmt><stmt><imc instruction="MOVE"><imc instruction="TEMP(63)"/><imc instruction="CONST(1)"/></imc></stmt><stmt><imc instruction="MOVE"><imc instruction="MEM"><imc instruction="TEMP(62)"/></imc><imc instruction="TEMP(63)"/></imc></stmt><stmt><imc instruction="MOVE"><imc instruction="TEMP(64)"/><imc instruction="TEMP(10)"/></imc></stmt><stmt><imc instruction="MOVE"><imc instruction="TEMP(65)"/><imc instruction="CONST(-16)"/></imc></stmt><stmt><imc instruction="MOVE"><imc instruction="TEMP(66)"/><imc instruction="BINOP(ADD)"><imc instruction="TEMP(64)"/><imc instruction="TEMP(65)"/></imc></imc></stmt><stmt><imc instruction="MOVE"><imc instruction="TEMP(67)"/><imc instruction="CONST(0)"/></imc></stmt><stmt><imc instruction="MOVE"><imc instruction="MEM"><imc instruction="TEMP(66)"/></imc><imc instruction="TEMP(67)"/></imc></stmt><stmt><imc instruction="MOVE"><imc instruction="TEMP(68)"/><imc instruction="TEMP(10)"/></imc></stmt><stmt><imc instruction="MOVE"><imc instruction="TEMP(69)"/><imc instruction="CONST(-24)"/></imc></stmt><stmt><imc instruction="MOVE"><imc instruction="TEMP(70)"/><imc instruction="BINOP(ADD)"><imc instruction="TEMP(68)"/><imc instruction="TEMP(69)"/></imc></imc></stmt><stmt><imc instruction="MOVE"><imc instruction="TEMP(71)"/><imc instruction="MEM"><imc instruction="TEMP(10)"/></imc></imc></stmt><stmt><imc instruction="MOVE"><imc instruction="TEMP(72)"/><imc instruction="CALL(_getChar)"><imc instruction="TEMP(71)"/></imc></imc></stmt><stmt><imc instruction="MOVE"><imc instruction="TEMP(73)"/><imc instruction="TEMP(72)"/></imc></stmt><stmt><imc instruction="MOVE"><imc instruction="MEM"><imc instruction="TEMP(70)"/></imc><imc instruction="TEMP(73)"/></imc></stmt><stmt><imc instruction="MOVE"><imc instruction="TEMP(74)"/><imc instruction="TEMP(10)"/></imc></stmt><stmt><imc instruction="MOVE"><imc instruction="TEMP(75)"/><imc instruction="CONST(-24)"/></imc></stmt><stmt><imc instruction="MOVE"><imc instruction="TEMP(76)"/><imc instruction="MEM"><imc instruction="BINOP(ADD)"><imc instruction="TEMP(74)"/><imc instruction="TEMP(75)"/></imc></imc></imc></stmt><stmt><imc instruction="MOVE"><imc instruction="TEMP(77)"/><imc instruction="CONST(43)"/></imc></stmt><stmt><imc instruction="CJUMP(L15,L16)"><imc instruction="BINOP(EQU)"><imc instruction="TEMP(76)"/><imc instruction="TEMP(77)"/></imc></imc></stmt><stmt><imc instruction="LABEL(L15)"/></stmt><stmt><imc instruction="MOVE"><imc instruction="TEMP(78)"/><imc instruction="TEMP(10)"/></imc></stmt><stmt><imc instruction="MOVE"><imc instruction="TEMP(79)"/><imc instruction="CONST(-8)"/></imc></stmt><stmt><imc instruction="MOVE"><imc instruction="TEMP(80)"/><imc instruction="BINOP(ADD)"><imc instruction="TEMP(78)"/><imc instruction="TEMP(79)"/></imc></imc></stmt><stmt><imc instruction="MOVE"><imc instruction="TEMP(81)"/><imc instruction="CONST(1)"/></imc></stmt><stmt><imc instruction="MOVE"><imc instruction="MEM"><imc instruction="TEMP(80)"/></imc><imc instruction="TEMP(81)"/></imc></stmt><stmt><imc instruction="MOVE"><imc instruction="TEMP(82)"/><imc instruction="TEMP(10)"/></imc></stmt><stmt><imc instruction="MOVE"><imc instruction="TEMP(83)"/><imc instruction="CONST(-24)"/></imc></stmt><stmt><imc instruction="MOVE"><imc instruction="TEMP(84)"/><imc instruction="BINOP(ADD)"><imc instruction="TEMP(82)"/><imc instruction="TEMP(83)"/></imc></imc></stmt><stmt><imc instruction="MOVE"><imc instruction="TEMP(85)"/><imc instruction="CONST(48)"/></imc></stmt><stmt><imc instruction="MOVE"><imc instruction="MEM"><imc instruction="TEMP(84)"/></imc><imc instruction="TEMP(85)"/></imc></stmt><stmt><imc instruction="ESTMT"><imc instruction="CONST(0)"/></imc></stmt><stmt><imc instruction="JUMP(L17)"/></stmt><stmt><imc instruction="LABEL(L16)"/></stmt><stmt><imc instruction="MOVE"><imc instruction="TEMP(86)"/><imc instruction="TEMP(10)"/></imc></stmt><stmt><imc instruction="MOVE"><imc instruction="TEMP(87)"/><imc instruction="CONST(-24)"/></imc></stmt><stmt><imc instruction="MOVE"><imc instruction="TEMP(88)"/><imc instruction="MEM"><imc instruction="BINOP(ADD)"><imc instruction="TEMP(86)"/><imc instruction="TEMP(87)"/></imc></imc></imc></stmt><stmt><imc instruction="MOVE"><imc instruction="TEMP(89)"/><imc instruction="CONST(45)"/></imc></stmt><stmt><imc instruction="CJUMP(L12,L13)"><imc instruction="BINOP(EQU)"><imc instruction="TEMP(88)"/><imc instruction="TEMP(89)"/></imc></imc></stmt><stmt><imc instruction="LABEL(L12)"/></stmt><stmt><imc instruction="MOVE"><imc instruction="TEMP(90)"/><imc instruction="TEMP(10)"/></imc></stmt><stmt><imc instruction="MOVE"><imc instruction="TEMP(91)"/><imc instruction="CONST(-8)"/></imc></stmt><stmt><imc instruction="MOVE"><imc instruction="TEMP(92)"/><imc instruction="BINOP(ADD)"><imc instruction="TEMP(90)"/><imc instruction="TEMP(91)"/></imc></imc></stmt><stmt><imc instruction="MOVE"><imc instruction="TEMP(93)"/><imc instruction="UNOP(NEG)"><imc instruction="CONST(1)"/></imc></imc></stmt><stmt><imc instruction="MOVE"><imc instruction="MEM"><imc instruction="TEMP(92)"/></imc><imc instruction="TEMP(93)"/></imc></stmt><stmt><imc instruction="MOVE"><imc instruction="TEMP(94)"/><imc instruction="TEMP(10)"/></imc></stmt><stmt><imc instruction="MOVE"><imc instruction="TEMP(95)"/><imc instruction="CONST(-24)"/></imc></stmt><stmt><imc instruction="MOVE"><imc instruction="TEMP(96)"/><imc instruction="BINOP(ADD)"><imc instruction="TEMP(94)"/><imc instruction="TEMP(95)"/></imc></imc></stmt><stmt><imc instruction="MOVE"><imc instruction="TEMP(97)"/><imc instruction="CONST(48)"/></imc></stmt><stmt><imc instruction="MOVE"><imc instruction="MEM"><imc instruction="TEMP(96)"/></imc><imc instruction="TEMP(97)"/></imc></stmt><stmt><imc instruction="ESTMT"><imc instruction="CONST(0)"/></imc></stmt><stmt><imc instruction="JUMP(L14)"/></stmt><stmt><imc instruction="LABEL(L13)"/></stmt><stmt><imc instruction="MOVE"><imc instruction="TEMP(98)"/><imc instruction="TEMP(10)"/></imc></stmt><stmt><imc instruction="MOVE"><imc instruction="TEMP(99)"/><imc instruction="CONST(-24)"/></imc></stmt><stmt><imc instruction="MOVE"><imc instruction="TEMP(100)"/><imc instruction="MEM"><imc instruction="BINOP(ADD)"><imc instruction="TEMP(98)"/><imc instruction="TEMP(99)"/></imc></imc></imc></stmt><stmt><imc instruction="MOVE"><imc instruction="TEMP(101)"/><imc instruction="CONST(48)"/></imc></stmt><stmt><imc instruction="MOVE"><imc instruction="TEMP(102)"/><imc instruction="BINOP(LTH)"><imc instruction="TEMP(100)"/><imc instruction="TEMP(101)"/></imc></imc></stmt><stmt><imc instruction="MOVE"><imc instruction="TEMP(103)"/><imc instruction="TEMP(10)"/></imc></stmt><stmt><imc instruction="MOVE"><imc instruction="TEMP(104)"/><imc instruction="CONST(-24)"/></imc></stmt><stmt><imc instruction="MOVE"><imc instruction="TEMP(105)"/><imc instruction="MEM"><imc instruction="BINOP(ADD)"><imc instruction="TEMP(103)"/><imc instruction="TEMP(104)"/></imc></imc></imc></stmt><stmt><imc instruction="MOVE"><imc instruction="TEMP(106)"/><imc instruction="CONST(57)"/></imc></stmt><stmt><imc instruction="MOVE"><imc instruction="TEMP(107)"/><imc instruction="BINOP(GTH)"><imc instruction="TEMP(105)"/><imc instruction="TEMP(106)"/></imc></imc></stmt><stmt><imc instruction="CJUMP(L9,L10)"><imc instruction="BINOP(OR)"><imc instruction="TEMP(102)"/><imc instruction="TEMP(107)"/></imc></imc></stmt><stmt><imc instruction="LABEL(L9)"/></stmt><stmt><imc instruction="ESTMT"><imc instruction="CALL(_exit)"><imc instruction="MEM"><imc instruction="TEMP(10)"/></imc></imc></imc></stmt><stmt><imc instruction="JUMP(L11)"/></stmt><stmt><imc instruction="LABEL(L10)"/></stmt><stmt><imc instruction="ESTMT"><imc instruction="CONST(0)"/></imc></stmt><stmt><imc instruction="LABEL(L11)"/></stmt><stmt><imc instruction="LABEL(L14)"/></stmt><stmt><imc instruction="LABEL(L17)"/></stmt><stmt><imc instruction="LABEL(L18)"/></stmt><stmt><imc instruction="MOVE"><imc instruction="TEMP(108)"/><imc instruction="CONST(48)"/></imc></stmt><stmt><imc instruction="MOVE"><imc instruction="TEMP(109)"/><imc instruction="TEMP(10)"/></imc></stmt><stmt><imc instruction="MOVE"><imc instruction="TEMP(110)"/><imc instruction="CONST(-24)"/></imc></stmt><stmt><imc instruction="MOVE"><imc instruction="TEMP(111)"/><imc instruction="MEM"><imc instruction="BINOP(ADD)"><imc instruction="TEMP(109)"/><imc instruction="TEMP(110)"/></imc></imc></imc></stmt><stmt><imc instruction="MOVE"><imc instruction="TEMP(112)"/><imc instruction="BINOP(LEQ)"><imc instruction="TEMP(108)"/><imc instruction="TEMP(111)"/></imc></imc></stmt><stmt><imc instruction="MOVE"><imc instruction="TEMP(113)"/><imc instruction="TEMP(10)"/></imc></stmt><stmt><imc instruction="MOVE"><imc instruction="TEMP(114)"/><imc instruction="CONST(-24)"/></imc></stmt><stmt><imc instruction="MOVE"><imc instruction="TEMP(115)"/><imc instruction="MEM"><imc instruction="BINOP(ADD)"><imc instruction="TEMP(113)"/><imc instruction="TEMP(114)"/></imc></imc></imc></stmt><stmt><imc instruction="MOVE"><imc instruction="TEMP(116)"/><imc instruction="CONST(57)"/></imc></stmt><stmt><imc instruction="MOVE"><imc instruction="TEMP(117)"/><imc instruction="BINOP(LEQ)"><imc instruction="TEMP(115)"/><imc instruction="TEMP(116)"/></imc></imc></stmt><stmt><imc instruction="CJUMP(L19,L20)"><imc instruction="BINOP(AND)"><imc instruction="TEMP(112)"/><imc instruction="TEMP(117)"/></imc></imc></stmt><stmt><imc instruction="LABEL(L19)"/></stmt><stmt><imc instruction="MOVE"><imc instruction="TEMP(118)"/><imc instruction="TEMP(10)"/></imc></stmt><stmt><imc instruction="MOVE"><imc instruction="TEMP(119)"/><imc instruction="CONST(-16)"/></imc></stmt><stmt><imc instruction="MOVE"><imc instruction="TEMP(120)"/><imc instruction="BINOP(ADD)"><imc instruction="TEMP(118)"/><imc instruction="TEMP(119)"/></imc></imc></stmt><stmt><imc instruction="MOVE"><imc instruction="TEMP(121)"/><imc instruction="TEMP(10)"/></imc></stmt><stmt><imc instruction="MOVE"><imc instruction="TEMP(122)"/><imc instruction="CONST(-16)"/></imc></stmt><stmt><imc instruction="MOVE"><imc instruction="TEMP(123)"/><imc instruction="MEM"><imc instruction="BINOP(ADD)"><imc instruction="TEMP(121)"/><imc instruction="TEMP(122)"/></imc></imc></imc></stmt><stmt><imc instruction="MOVE"><imc instruction="TEMP(124)"/><imc instruction="CONST(10)"/></imc></stmt><stmt><imc instruction="MOVE"><imc instruction="TEMP(125)"/><imc instruction="BINOP(MUL)"><imc instruction="TEMP(123)"/><imc instruction="TEMP(124)"/></imc></imc></stmt><stmt><imc instruction="MOVE"><imc instruction="TEMP(126)"/><imc instruction="TEMP(10)"/></imc></stmt><stmt><imc instruction="MOVE"><imc instruction="TEMP(127)"/><imc instruction="CONST(-24)"/></imc></stmt><stmt><imc instruction="MOVE"><imc instruction="TEMP(128)"/><imc instruction="MEM"><imc instruction="BINOP(ADD)"><imc instruction="TEMP(126)"/><imc instruction="TEMP(127)"/></imc></imc></imc></stmt><stmt><imc instruction="MOVE"><imc instruction="TEMP(129)"/><imc instruction="CONST(48)"/></imc></stmt><stmt><imc instruction="MOVE"><imc instruction="TEMP(130)"/><imc instruction="BINOP(SUB)"><imc instruction="TEMP(128)"/><imc instruction="TEMP(129)"/></imc></imc></stmt><stmt><imc instruction="MOVE"><imc instruction="TEMP(131)"/><imc instruction="BINOP(ADD)"><imc instruction="TEMP(125)"/><imc instruction="TEMP(130)"/></imc></imc></stmt><stmt><imc instruction="MOVE"><imc instruction="MEM"><imc instruction="TEMP(120)"/></imc><imc instruction="TEMP(131)"/></imc></stmt><stmt><imc instruction="MOVE"><imc instruction="TEMP(132)"/><imc instruction="TEMP(10)"/></imc></stmt><stmt><imc instruction="MOVE"><imc instruction="TEMP(133)"/><imc instruction="CONST(-24)"/></imc></stmt><stmt><imc instruction="MOVE"><imc instruction="TEMP(134)"/><imc instruction="BINOP(ADD)"><imc instruction="TEMP(132)"/><imc instruction="TEMP(133)"/></imc></imc></stmt><stmt><imc instruction="MOVE"><imc instruction="TEMP(135)"/><imc instruction="MEM"><imc instruction="TEMP(10)"/></imc></imc></stmt><stmt><imc instruction="MOVE"><imc instruction="TEMP(136)"/><imc instruction="CALL(_getChar)"><imc instruction="TEMP(135)"/></imc></imc></stmt><stmt><imc instruction="MOVE"><imc instruction="TEMP(137)"/><imc instruction="TEMP(136)"/></imc></stmt><stmt><imc instruction="MOVE"><imc instruction="MEM"><imc instruction="TEMP(134)"/></imc><imc instruction="TEMP(137)"/></imc></stmt><stmt><imc instruction="ESTMT"><imc instruction="CONST(0)"/></imc></stmt><stmt><imc instruction="JUMP(L18)"/></stmt><stmt><imc instruction="LABEL(L20)"/></stmt><stmt><imc instruction="MOVE"><imc instruction="TEMP(138)"/><imc instruction="TEMP(10)"/></imc></stmt><stmt><imc instruction="MOVE"><imc instruction="TEMP(139)"/><imc instruction="CONST(-24)"/></imc></stmt><stmt><imc instruction="MOVE"><imc instruction="TEMP(140)"/><imc instruction="MEM"><imc instruction="BINOP(ADD)"><imc instruction="TEMP(138)"/><imc instruction="TEMP(139)"/></imc></imc></imc></stmt><stmt><imc instruction="MOVE"><imc instruction="TEMP(141)"/><imc instruction="CONST(10)"/></imc></stmt><stmt><imc instruction="MOVE"><imc instruction="TEMP(142)"/><imc instruction="CONST(256)"/></imc></stmt><stmt><imc instruction="MOVE"><imc instruction="TEMP(143)"/><imc instruction="BINOP(MOD)"><imc instruction="TEMP(141)"/><imc instruction="TEMP(142)"/></imc></imc></stmt><stmt><imc instruction="CJUMP(L21,L22)"><imc instruction="BINOP(NEQ)"><imc instruction="TEMP(140)"/><imc instruction="TEMP(143)"/></imc></imc></stmt><stmt><imc instruction="LABEL(L21)"/></stmt><stmt><imc instruction="ESTMT"><imc instruction="CALL(_exit)"><imc instruction="MEM"><imc instruction="TEMP(10)"/></imc></imc></imc></stmt><stmt><imc instruction="JUMP(L23)"/></stmt><stmt><imc instruction="LABEL(L22)"/></stmt><stmt><imc instruction="ESTMT"><imc instruction="CONST(0)"/></imc></stmt><stmt><imc instruction="LABEL(L23)"/></stmt><stmt><imc instruction="MOVE"><imc instruction="TEMP(144)"/><imc instruction="TEMP(10)"/></imc></stmt><stmt><imc instruction="MOVE"><imc instruction="TEMP(145)"/><imc instruction="CONST(-8)"/></imc></stmt><stmt><imc instruction="MOVE"><imc instruction="TEMP(146)"/><imc instruction="MEM"><imc instruction="BINOP(ADD)"><imc instruction="TEMP(144)"/><imc instruction="TEMP(145)"/></imc></imc></imc></stmt><stmt><imc instruction="MOVE"><imc instruction="TEMP(147)"/><imc instruction="TEMP(10)"/></imc></stmt><stmt><imc instruction="MOVE"><imc instruction="TEMP(148)"/><imc instruction="CONST(-16)"/></imc></stmt><stmt><imc instruction="MOVE"><imc instruction="TEMP(149)"/><imc instruction="MEM"><imc instruction="BINOP(ADD)"><imc instruction="TEMP(147)"/><imc instruction="TEMP(148)"/></imc></imc></imc></stmt><stmt><imc instruction="MOVE"><imc instruction="TEMP(150)"/><imc instruction="BINOP(MUL)"><imc instruction="TEMP(146)"/><imc instruction="TEMP(149)"/></imc></imc></stmt><stmt><imc instruction="MOVE"><imc instruction="TEMP(11)"/><imc instruction="TEMP(150)"/></imc></stmt><stmt><imc instruction="JUMP(L50)"/></stmt></codechunk><codechunk entrylabel="L51" exitlabel="L52"><frame FP="T12" RV="T13" argssize="8" depth="0" label="_putString" locssize="8" size="32"/><stmt><imc instruction="LABEL(L51)"/></stmt><stmt><imc instruction="MOVE"><imc instruction="TEMP(151)"/><imc instruction="TEMP(12)"/></imc></stmt><stmt><imc instruction="MOVE"><imc instruction="TEMP(152)"/><imc instruction="CONST(-8)"/></imc></stmt><stmt><imc instruction="MOVE"><imc instruction="TEMP(153)"/><imc instruction="BINOP(ADD)"><imc instruction="TEMP(151)"/><imc instruction="TEMP(152)"/></imc></imc></stmt><stmt><imc instruction="MOVE"><imc instruction="TEMP(154)"/><imc instruction="CONST(0)"/></imc></stmt><stmt><imc instruction="MOVE"><imc instruction="MEM"><imc instruction="TEMP(153)"/></imc><imc instruction="TEMP(154)"/></imc></stmt><stmt><imc instruction="LABEL(L24)"/></stmt><stmt><imc instruction="MOVE"><imc instruction="TEMP(155)"/><imc instruction="TEMP(12)"/></imc></stmt><stmt><imc instruction="MOVE"><imc instruction="TEMP(156)"/><imc instruction="CONST(8)"/></imc></stmt><stmt><imc instruction="MOVE"><imc instruction="TEMP(157)"/><imc instruction="MEM"><imc instruction="BINOP(ADD)"><imc instruction="TEMP(155)"/><imc instruction="TEMP(156)"/></imc></imc></imc></stmt><stmt><imc instruction="MOVE"><imc instruction="TEMP(158)"/><imc instruction="TEMP(12)"/></imc></stmt><stmt><imc instruction="MOVE"><imc instruction="TEMP(159)"/><imc instruction="CONST(-8)"/></imc></stmt><stmt><imc instruction="MOVE"><imc instruction="TEMP(160)"/><imc instruction="MEM"><imc instruction="BINOP(ADD)"><imc instruction="TEMP(158)"/><imc instruction="TEMP(159)"/></imc></imc></imc></stmt><stmt><imc instruction="MOVE"><imc instruction="TEMP(161)"/><imc instruction="CONST(8)"/></imc></stmt><stmt><imc instruction="MOVE"><imc instruction="TEMP(162)"/><imc instruction="BINOP(MUL)"><imc instruction="TEMP(160)"/><imc instruction="TEMP(161)"/></imc></imc></stmt><stmt><imc instruction="MOVE"><imc instruction="TEMP(163)"/><imc instruction="MEM"><imc instruction="BINOP(ADD)"><imc instruction="TEMP(157)"/><imc instruction="TEMP(162)"/></imc></imc></imc></stmt><stmt><imc instruction="MOVE"><imc instruction="TEMP(164)"/><imc instruction="CONST(0)"/></imc></stmt><stmt><imc instruction="MOVE"><imc instruction="TEMP(165)"/><imc instruction="CONST(256)"/></imc></stmt><stmt><imc instruction="MOVE"><imc instruction="TEMP(166)"/><imc instruction="BINOP(MOD)"><imc instruction="TEMP(164)"/><imc instruction="TEMP(165)"/></imc></imc></stmt><stmt><imc instruction="CJUMP(L25,L26)"><imc instruction="BINOP(NEQ)"><imc instruction="TEMP(163)"/><imc instruction="TEMP(166)"/></imc></imc></stmt><stmt><imc instruction="LABEL(L25)"/></stmt><stmt><imc instruction="MOVE"><imc instruction="TEMP(167)"/><imc instruction="TEMP(12)"/></imc></stmt><stmt><imc instruction="MOVE"><imc instruction="TEMP(168)"/><imc instruction="CONST(8)"/></imc></stmt><stmt><imc instruction="MOVE"><imc instruction="TEMP(169)"/><imc instruction="MEM"><imc instruction="BINOP(ADD)"><imc instruction="TEMP(167)"/><imc instruction="TEMP(168)"/></imc></imc></imc></stmt><stmt><imc instruction="MOVE"><imc instruction="TEMP(170)"/><imc instruction="TEMP(12)"/></imc></stmt><stmt><imc instruction="MOVE"><imc instruction="TEMP(171)"/><imc instruction="CONST(-8)"/></imc></stmt><stmt><imc instruction="MOVE"><imc instruction="TEMP(172)"/><imc instruction="MEM"><imc instruction="BINOP(ADD)"><imc instruction="TEMP(170)"/><imc instruction="TEMP(171)"/></imc></imc></imc></stmt><stmt><imc instruction="MOVE"><imc instruction="TEMP(173)"/><imc instruction="CONST(8)"/></imc></stmt><stmt><imc instruction="MOVE"><imc instruction="TEMP(174)"/><imc instruction="BINOP(MUL)"><imc instruction="TEMP(172)"/><imc instruction="TEMP(173)"/></imc></imc></stmt><stmt><imc instruction="ESTMT"><imc instruction="CALL(_putChar)"><imc instruction="MEM"><imc instruction="TEMP(12)"/></imc><imc instruction="MEM"><imc instruction="BINOP(ADD)"><imc instruction="TEMP(169)"/><imc instruction="TEMP(174)"/></imc></imc></imc></imc></stmt><stmt><imc instruction="MOVE"><imc instruction="TEMP(175)"/><imc instruction="TEMP(12)"/></imc></stmt><stmt><imc instruction="MOVE"><imc instruction="TEMP(176)"/><imc instruction="CONST(-8)"/></imc></stmt><stmt><imc instruction="MOVE"><imc instruction="TEMP(177)"/><imc instruction="BINOP(ADD)"><imc instruction="TEMP(175)"/><imc instruction="TEMP(176)"/></imc></imc></stmt><stmt><imc instruction="MOVE"><imc instruction="TEMP(178)"/><imc instruction="TEMP(12)"/></imc></stmt><stmt><imc instruction="MOVE"><imc instruction="TEMP(179)"/><imc instruction="CONST(-8)"/></imc></stmt><stmt><imc instruction="MOVE"><imc instruction="TEMP(180)"/><imc instruction="MEM"><imc instruction="BINOP(ADD)"><imc instruction="TEMP(178)"/><imc instruction="TEMP(179)"/></imc></imc></imc></stmt><stmt><imc instruction="MOVE"><imc instruction="TEMP(181)"/><imc instruction="CONST(1)"/></imc></stmt><stmt><imc instruction="MOVE"><imc instruction="TEMP(182)"/><imc instruction="BINOP(ADD)"><imc instruction="TEMP(180)"/><imc instruction="TEMP(181)"/></imc></imc></stmt><stmt><imc instruction="MOVE"><imc instruction="MEM"><imc instruction="TEMP(177)"/></imc><imc instruction="TEMP(182)"/></imc></stmt><stmt><imc instruction="ESTMT"><imc instruction="CONST(0)"/></imc></stmt><stmt><imc instruction="JUMP(L24)"/></stmt><stmt><imc instruction="LABEL(L26)"/></stmt><stmt><imc instruction="MOVE"><imc instruction="TEMP(183)"/><imc instruction="CONST(0)"/></imc></stmt><stmt><imc instruction="MOVE"><imc instruction="TEMP(13)"/><imc instruction="TEMP(183)"/></imc></stmt><stmt><imc instruction="JUMP(L52)"/></stmt></codechunk><codechunk entrylabel="L53" exitlabel="L54"><frame FP="T14" RV="T15" argssize="24" depth="0" label="_combs" locssize="16" size="56"/><stmt><imc instruction="LABEL(L53)"/></stmt><stmt><imc instruction="MOVE"><imc instruction="TEMP(184)"/><imc instruction="TEMP(14)"/></imc></stmt><stmt><imc instruction="MOVE"><imc instruction="TEMP(185)"/><imc instruction="CONST(8)"/></imc></stmt><stmt><imc instruction="MOVE"><imc instruction="TEMP(186)"/><imc instruction="MEM"><imc instruction="BINOP(ADD)"><imc instruction="TEMP(184)"/><imc instruction="TEMP(185)"/></imc></imc></imc></stmt><stmt><imc instruction="MOVE"><imc instruction="TEMP(187)"/><imc instruction="TEMP(14)"/></imc></stmt><stmt><imc instruction="MOVE"><imc instruction="TEMP(188)"/><imc instruction="CONST(16)"/></imc></stmt><stmt><imc instruction="MOVE"><imc instruction="TEMP(189)"/><imc instruction="MEM"><imc instruction="BINOP(ADD)"><imc instruction="TEMP(187)"/><imc instruction="TEMP(188)"/></imc></imc></imc></stmt><stmt><imc instruction="CJUMP(L33,L34)"><imc instruction="BINOP(EQU)"><imc instruction="TEMP(186)"/><imc instruction="TEMP(189)"/></imc></imc></stmt><stmt><imc instruction="LABEL(L33)"/></stmt><stmt><imc instruction="MOVE"><imc instruction="TEMP(190)"/><imc instruction="TEMP(14)"/></imc></stmt><stmt><imc instruction="MOVE"><imc instruction="TEMP(191)"/><imc instruction="CONST(-8)"/></imc></stmt><stmt><imc instruction="MOVE"><imc instruction="TEMP(192)"/><imc instruction="BINOP(ADD)"><imc instruction="TEMP(190)"/><imc instruction="TEMP(191)"/></imc></imc></stmt><stmt><imc instruction="MOVE"><imc instruction="TEMP(193)"/><imc instruction="CONST(0)"/></imc></stmt><stmt><imc instruction="MOVE"><imc instruction="MEM"><imc instruction="TEMP(192)"/></imc><imc instruction="TEMP(193)"/></imc></stmt><stmt><imc instruction="LABEL(L27)"/></stmt><stmt><imc instruction="MOVE"><imc instruction="TEMP(194)"/><imc instruction="TEMP(14)"/></imc></stmt><stmt><imc instruction="MOVE"><imc instruction="TEMP(195)"/><imc instruction="CONST(-8)"/></imc></stmt><stmt><imc instruction="MOVE"><imc instruction="TEMP(196)"/><imc instruction="MEM"><imc instruction="BINOP(ADD)"><imc instruction="TEMP(194)"/><imc instruction="TEMP(195)"/></imc></imc></imc></stmt><stmt><imc instruction="MOVE"><imc instruction="TEMP(197)"/><imc instruction="TEMP(14)"/></imc></stmt><stmt><imc instruction="MOVE"><imc instruction="TEMP(198)"/><imc instruction="CONST(16)"/></imc></stmt><stmt><imc instruction="MOVE"><imc instruction="TEMP(199)"/><imc instruction="MEM"><imc instruction="BINOP(ADD)"><imc instruction="TEMP(197)"/><imc instruction="TEMP(198)"/></imc></imc></imc></stmt><stmt><imc instruction="CJUMP(L28,L29)"><imc instruction="BINOP(LTH)"><imc instruction="TEMP(196)"/><imc instruction="TEMP(199)"/></imc></imc></stmt><stmt><imc instruction="LABEL(L28)"/></stmt><stmt><imc instruction="MOVE"><imc instruction="TEMP(200)"/><imc instruction="TEMP(14)"/></imc></stmt><stmt><imc instruction="MOVE"><imc instruction="TEMP(201)"/><imc instruction="CONST(24)"/></imc></stmt><stmt><imc instruction="MOVE"><imc instruction="TEMP(202)"/><imc instruction="MEM"><imc instruction="BINOP(ADD)"><imc instruction="TEMP(200)"/><imc instruction="TEMP(201)"/></imc></imc></imc></stmt><stmt><imc instruction="MOVE"><imc instruction="TEMP(203)"/><imc instruction="TEMP(14)"/></imc></stmt><stmt><imc instruction="MOVE"><imc instruction="TEMP(204)"/><imc instruction="CONST(-8)"/></imc></stmt><stmt><imc instruction="MOVE"><imc instruction="TEMP(205)"/><imc instruction="MEM"><imc instruction="BINOP(ADD)"><imc instruction="TEMP(203)"/><imc instruction="TEMP(204)"/></imc></imc></imc></stmt><stmt><imc instruction="MOVE"><imc instruction="TEMP(206)"/><imc instruction="CONST(8)"/></imc></stmt><stmt><imc instruction="MOVE"><imc instruction="TEMP(207)"/><imc instruction="BINOP(MUL)"><imc instruction="TEMP(205)"/><imc instruction="TEMP(206)"/></imc></imc></stmt><stmt><imc instruction="ESTMT"><imc instruction="CALL(_putInteger)"><imc instruction="MEM"><imc instruction="TEMP(14)"/></imc><imc instruction="MEM"><imc instruction="BINOP(ADD)"><imc instruction="TEMP(202)"/><imc instruction="TEMP(207)"/></imc></imc></imc></imc></stmt><stmt><imc instruction="ESTMT"><imc instruction="CALL(_putChar)"><imc instruction="MEM"><imc instruction="TEMP(14)"/></imc><imc instruction="CONST(32)"/></imc></imc></stmt><stmt><imc instruction="MOVE"><imc instruction="TEMP(208)"/><imc instruction="TEMP(14)"/></imc></stmt><stmt><imc instruction="MOVE"><imc instruction="TEMP(209)"/><imc instruction="CONST(-8)"/></imc></stmt><stmt><imc instruction="MOVE"><imc instruction="TEMP(210)"/><imc instruction="BINOP(ADD)"><imc instruction="TEMP(208)"/><imc instruction="TEMP(209)"/></imc></imc></stmt><stmt><imc instruction="MOVE"><imc instruction="TEMP(211)"/><imc instruction="TEMP(14)"/></imc></stmt><stmt><imc instruction="MOVE"><imc instruction="TEMP(212)"/><imc instruction="CONST(-8)"/></imc></stmt><stmt><imc instruction="MOVE"><imc instruction="TEMP(213)"/><imc instruction="MEM"><imc instruction="BINOP(ADD)"><imc instruction="TEMP(211)"/><imc instruction="TEMP(212)"/></imc></imc></imc></stmt><stmt><imc instruction="MOVE"><imc instruction="TEMP(214)"/><imc instruction="CONST(1)"/></imc></stmt><stmt><imc instruction="MOVE"><imc instruction="TEMP(215)"/><imc instruction="BINOP(ADD)"><imc instruction="TEMP(213)"/><imc instruction="TEMP(214)"/></imc></imc></stmt><stmt><imc instruction="MOVE"><imc instruction="MEM"><imc instruction="TEMP(210)"/></imc><imc instruction="TEMP(215)"/></imc></stmt><stmt><imc instruction="ESTMT"><imc instruction="CONST(0)"/></imc></stmt><stmt><imc instruction="JUMP(L27)"/></stmt><stmt><imc instruction="LABEL(L29)"/></stmt><stmt><imc instruction="MOVE"><imc instruction="TEMP(216)"/><imc instruction="MEM"><imc instruction="TEMP(14)"/></imc></imc></stmt><stmt><imc instruction="MOVE"><imc instruction="TEMP(217)"/><imc instruction="CONST(10)"/></imc></stmt><stmt><imc instruction="MOVE"><imc instruction="TEMP(218)"/><imc instruction="CONST(256)"/></imc></stmt><stmt><imc instruction="MOVE"><imc instruction="TEMP(219)"/><imc instruction="BINOP(MOD)"><imc instruction="TEMP(217)"/><imc instruction="TEMP(218)"/></imc></imc></stmt><stmt><imc instruction="MOVE"><imc instruction="TEMP(220)"/><imc instruction="CALL(_putChar)"><imc instruction="TEMP(216)"/><imc instruction="TEMP(219)"/></imc></imc></stmt><stmt><imc instruction="ESTMT"><imc instruction="TEMP(220)"/></imc></stmt><stmt><imc instruction="JUMP(L35)"/></stmt><stmt><imc instruction="LABEL(L34)"/></stmt><stmt><imc instruction="MOVE"><imc instruction="TEMP(221)"/><imc instruction="TEMP(14)"/></imc></stmt><stmt><imc instruction="MOVE"><imc instruction="TEMP(222)"/><imc instruction="CONST(-16)"/></imc></stmt><stmt><imc instruction="MOVE"><imc instruction="TEMP(223)"/><imc instruction="BINOP(ADD)"><imc instruction="TEMP(221)"/><imc instruction="TEMP(222)"/></imc></imc></stmt><stmt><imc instruction="MOVE"><imc instruction="TEMP(224)"/><imc instruction="CONST(0)"/></imc></stmt><stmt><imc instruction="MOVE"><imc instruction="MEM"><imc instruction="TEMP(223)"/></imc><imc instruction="TEMP(224)"/></imc></stmt><stmt><imc instruction="LABEL(L30)"/></stmt><stmt><imc instruction="MOVE"><imc instruction="TEMP(225)"/><imc instruction="TEMP(14)"/></imc></stmt><stmt><imc instruction="MOVE"><imc instruction="TEMP(226)"/><imc instruction="CONST(-16)"/></imc></stmt><stmt><imc instruction="MOVE"><imc instruction="TEMP(227)"/><imc instruction="MEM"><imc instruction="BINOP(ADD)"><imc instruction="TEMP(225)"/><imc instruction="TEMP(226)"/></imc></imc></imc></stmt><stmt><imc instruction="MOVE"><imc instruction="TEMP(228)"/><imc instruction="TEMP(14)"/></imc></stmt><stmt><imc instruction="MOVE"><imc instruction="TEMP(229)"/><imc instruction="CONST(16)"/></imc></stmt><stmt><imc instruction="MOVE"><imc instruction="TEMP(230)"/><imc instruction="MEM"><imc instruction="BINOP(ADD)"><imc instruction="TEMP(228)"/><imc instruction="TEMP(229)"/></imc></imc></imc></stmt><stmt><imc instruction="CJUMP(L31,L32)"><imc instruction="BINOP(LTH)"><imc instruction="TEMP(227)"/><imc instruction="TEMP(230)"/></imc></imc></stmt><stmt><imc instruction="LABEL(L31)"/></stmt><stmt><imc instruction="MOVE"><imc instruction="TEMP(231)"/><imc instruction="TEMP(14)"/></imc></stmt><stmt><imc instruction="MOVE"><imc instruction="TEMP(232)"/><imc instruction="CONST(24)"/></imc></stmt><stmt><imc instruction="MOVE"><imc instruction="TEMP(233)"/><imc instruction="MEM"><imc instruction="BINOP(ADD)"><imc instruction="TEMP(231)"/><imc instruction="TEMP(232)"/></imc></imc></imc></stmt><stmt><imc instruction="MOVE"><imc instruction="TEMP(234)"/><imc instruction="TEMP(14)"/></imc></stmt><stmt><imc instruction="MOVE"><imc instruction="TEMP(235)"/><imc instruction="CONST(8)"/></imc></stmt><stmt><imc instruction="MOVE"><imc instruction="TEMP(236)"/><imc instruction="MEM"><imc instruction="BINOP(ADD)"><imc instruction="TEMP(234)"/><imc instruction="TEMP(235)"/></imc></imc></imc></stmt><stmt><imc instruction="MOVE"><imc instruction="TEMP(237)"/><imc instruction="CONST(8)"/></imc></stmt><stmt><imc instruction="MOVE"><imc instruction="TEMP(238)"/><imc instruction="BINOP(MUL)"><imc instruction="TEMP(236)"/><imc instruction="TEMP(237)"/></imc></imc></stmt><stmt><imc instruction="MOVE"><imc instruction="TEMP(239)"/><imc instruction="BINOP(ADD)"><imc instruction="TEMP(233)"/><imc instruction="TEMP(238)"/></imc></imc></stmt><stmt><imc instruction="MOVE"><imc instruction="TEMP(240)"/><imc instruction="TEMP(14)"/></imc></stmt><stmt><imc instruction="MOVE"><imc instruction="TEMP(241)"/><imc instruction="CONST(-16)"/></imc></stmt><stmt><imc instruction="MOVE"><imc instruction="TEMP(242)"/><imc instruction="MEM"><imc instruction="BINOP(ADD)"><imc instruction="TEMP(240)"/><imc instruction="TEMP(241)"/></imc></imc></imc></stmt><stmt><imc instruction="MOVE"><imc instruction="MEM"><imc instruction="TEMP(239)"/></imc><imc instruction="TEMP(242)"/></imc></stmt><stmt><imc instruction="MOVE"><imc instruction="TEMP(243)"/><imc instruction="TEMP(14)"/></imc></stmt><stmt><imc instruction="MOVE"><imc instruction="TEMP(244)"/><imc instruction="CONST(8)"/></imc></stmt><stmt><imc instruction="MOVE"><imc instruction="TEMP(245)"/><imc instruction="MEM"><imc instruction="BINOP(ADD)"><imc instruction="TEMP(243)"/><imc instruction="TEMP(244)"/></imc></imc></imc></stmt><stmt><imc instruction="MOVE"><imc instruction="TEMP(246)"/><imc instruction="CONST(1)"/></imc></stmt><stmt><imc instruction="MOVE"><imc instruction="TEMP(247)"/><imc instruction="TEMP(14)"/></imc></stmt><stmt><imc instruction="MOVE"><imc instruction="TEMP(248)"/><imc instruction="CONST(16)"/></imc></stmt><stmt><imc instruction="MOVE"><imc instruction="TEMP(249)"/><imc instruction="TEMP(14)"/></imc></stmt><stmt><imc instruction="MOVE"><imc instruction="TEMP(250)"/><imc instruction="CONST(24)"/></imc></stmt><stmt><imc instruction="ESTMT"><imc instruction="CALL(_combs)"><imc instruction="MEM"><imc instruction="TEMP(14)"/></imc><imc instruction="BINOP(ADD)"><imc instruction="TEMP(245)"/><imc instruction="TEMP(246)"/></imc><imc instruction="MEM"><imc instruction="BINOP(ADD)"><imc instruction="TEMP(247)"/><imc instruction="TEMP(248)"/></imc></imc><imc instruction="MEM"><imc instruction="BINOP(ADD)"><imc instruction="TEMP(249)"/><imc instruction="TEMP(250)"/></imc></imc></imc></imc></stmt><stmt><imc instruction="MOVE"><imc instruction="TEMP(251)"/><imc instruction="TEMP(14)"/></imc></stmt><stmt><imc instruction="MOVE"><imc instruction="TEMP(252)"/><imc instruction="CONST(-16)"/></imc></stmt><stmt><imc instruction="MOVE"><imc instruction="TEMP(253)"/><imc instruction="BINOP(ADD)"><imc instruction="TEMP(251)"/><imc instruction="TEMP(252)"/></imc></imc></stmt><stmt><imc instruction="MOVE"><imc instruction="TEMP(254)"/><imc instruction="TEMP(14)"/></imc></stmt><stmt><imc instruction="MOVE"><imc instruction="TEMP(255)"/><imc instruction="CONST(-16)"/></imc></stmt><stmt><imc instruction="MOVE"><imc instruction="TEMP(256)"/><imc instruction="MEM"><imc instruction="BINOP(ADD)"><imc instruction="TEMP(254)"/><imc instruction="TEMP(255)"/></imc></imc></imc></stmt><stmt><imc instruction="MOVE"><imc instruction="TEMP(257)"/><imc instruction="CONST(1)"/></imc></stmt><stmt><imc instruction="MOVE"><imc instruction="TEMP(258)"/><imc instruction="BINOP(ADD)"><imc instruction="TEMP(256)"/><imc instruction="TEMP(257)"/></imc></imc></stmt><stmt><imc instruction="MOVE"><imc instruction="MEM"><imc instruction="TEMP(253)"/></imc><imc instruction="TEMP(258)"/></imc></stmt><stmt><imc instruction="ESTMT"><imc instruction="CONST(0)"/></imc></stmt><stmt><imc instruction="JUMP(L30)"/></stmt><stmt><imc instruction="LABEL(L32)"/></stmt><stmt><imc instruction="ESTMT"><imc instruction="CONST(0)"/></imc></stmt><stmt><imc instruction="LABEL(L35)"/></stmt><stmt><imc instruction="MOVE"><imc instruction="TEMP(259)"/><imc instruction="CONST(0)"/></imc></stmt><stmt><imc instruction="MOVE"><imc instruction="TEMP(15)"/><imc instruction="TEMP(259)"/></imc></stmt><stmt><imc instruction="JUMP(L54)"/></stmt></codechunk><codechunk entrylabel="L55" exitlabel="L56"><frame FP="T16" RV="T17" argssize="24" depth="0" label="_main" locssize="272" size="312"/><stmt><imc instruction="LABEL(L55)"/></stmt><stmt><imc instruction="MOVE"><imc instruction="TEMP(260)"/><imc instruction="TEMP(16)"/></imc></stmt><stmt><imc instruction="MOVE"><imc instruction="TEMP(261)"/><imc instruction="CONST(-16)"/></imc></stmt><stmt><imc instruction="MOVE"><imc instruction="TEMP(262)"/><imc instruction="BINOP(ADD)"><imc instruction="TEMP(260)"/><imc instruction="TEMP(261)"/></imc></imc></stmt><stmt><imc instruction="MOVE"><imc instruction="TEMP(263)"/><imc instruction="MEM"><imc instruction="TEMP(16)"/></imc></imc></stmt><stmt><imc instruction="MOVE"><imc instruction="TEMP(264)"/><imc instruction="CALL(_getInteger)"><imc instruction="TEMP(263)"/></imc></imc></stmt><stmt><imc instruction="MOVE"><imc instruction="TEMP(265)"/><imc instruction="TEMP(264)"/></imc></stmt><stmt><imc instruction="MOVE"><imc instruction="MEM"><imc instruction="TEMP(262)"/></imc><imc instruction="TEMP(265)"/></imc></stmt><stmt><imc instruction="MOVE"><imc instruction="TEMP(266)"/><imc instruction="TEMP(16)"/></imc></stmt><stmt><imc instruction="MOVE"><imc instruction="TEMP(267)"/><imc instruction="CONST(-8)"/></imc></stmt><stmt><imc instruction="MOVE"><imc instruction="TEMP(268)"/><imc instruction="BINOP(ADD)"><imc instruction="TEMP(266)"/><imc instruction="TEMP(267)"/></imc></imc></stmt><stmt><imc instruction="MOVE"><imc instruction="TEMP(269)"/><imc instruction="CONST(0)"/></imc></stmt><stmt><imc instruction="MOVE"><imc instruction="MEM"><imc instruction="TEMP(268)"/></imc><imc instruction="TEMP(269)"/></imc></stmt><stmt><imc instruction="LABEL(L36)"/></stmt><stmt><imc instruction="MOVE"><imc instruction="TEMP(270)"/><imc instruction="TEMP(16)"/></imc></stmt><stmt><imc instruction="MOVE"><imc instruction="TEMP(271)"/><imc instruction="CONST(-8)"/></imc></stmt><stmt><imc instruction="MOVE"><imc instruction="TEMP(272)"/><imc instruction="MEM"><imc instruction="BINOP(ADD)"><imc instruction="TEMP(270)"/><imc instruction="TEMP(271)"/></imc></imc></imc></stmt><stmt><imc instruction="MOVE"><imc instruction="TEMP(273)"/><imc instruction="TEMP(16)"/></imc></stmt><stmt><imc instruction="MOVE"><imc instruction="TEMP(274)"/><imc instruction="CONST(-16)"/></imc></stmt><stmt><imc instruction="MOVE"><imc instruction="TEMP(275)"/><imc instruction="MEM"><imc instruction="BINOP(ADD)"><imc instruction="TEMP(273)"/><imc instruction="TEMP(274)"/></imc></imc></imc></stmt><stmt><imc instruction="CJUMP(L37,L38)"><imc instruction="BINOP(LTH)"><imc instruction="TEMP(272)"/><imc instruction="TEMP(275)"/></imc></imc></stmt><stmt><imc instruction="LABEL(L37)"/></stmt><stmt><imc instruction="MOVE"><imc instruction="TEMP(276)"/><imc instruction="TEMP(16)"/></imc></stmt><stmt><imc instruction="MOVE"><imc instruction="TEMP(277)"/><imc instruction="CONST(-272)"/></imc></stmt><stmt><imc instruction="MOVE"><imc instruction="TEMP(278)"/><imc instruction="BINOP(ADD)"><imc instruction="TEMP(276)"/><imc instruction="TEMP(277)"/></imc></imc></stmt><stmt><imc instruction="MOVE"><imc instruction="TEMP(279)"/><imc instruction="TEMP(16)"/></imc></stmt><stmt><imc instruction="MOVE"><imc instruction="TEMP(280)"/><imc instruction="CONST(-8)"/></imc></stmt><stmt><imc instruction="MOVE"><imc instruction="TEMP(281)"/><imc instruction="MEM"><imc instruction="BINOP(ADD)"><imc instruction="TEMP(279)"/><imc instruction="TEMP(280)"/></imc></imc></imc></stmt><stmt><imc instruction="MOVE"><imc instruction="TEMP(282)"/><imc instruction="CONST(8)"/></imc></stmt><stmt><imc instruction="MOVE"><imc instruction="TEMP(283)"/><imc instruction="BINOP(MUL)"><imc instruction="TEMP(281)"/><imc instruction="TEMP(282)"/></imc></imc></stmt><stmt><imc instruction="MOVE"><imc instruction="TEMP(284)"/><imc instruction="BINOP(ADD)"><imc instruction="TEMP(278)"/><imc instruction="TEMP(283)"/></imc></imc></stmt><stmt><imc instruction="MOVE"><imc instruction="TEMP(285)"/><imc instruction="TEMP(16)"/></imc></stmt><stmt><imc instruction="MOVE"><imc instruction="TEMP(286)"/><imc instruction="CONST(-8)"/></imc></stmt><stmt><imc instruction="MOVE"><imc instruction="TEMP(287)"/><imc instruction="MEM"><imc instruction="BINOP(ADD)"><imc instruction="TEMP(285)"/><imc instruction="TEMP(286)"/></imc></imc></imc></stmt><stmt><imc instruction="MOVE"><imc instruction="MEM"><imc instruction="TEMP(284)"/></imc><imc instruction="TEMP(287)"/></imc></stmt><stmt><imc instruction="MOVE"><imc instruction="TEMP(288)"/><imc instruction="TEMP(16)"/></imc></stmt><stmt><imc instruction="MOVE"><imc instruction="TEMP(289)"/><imc instruction="CONST(-8)"/></imc></stmt><stmt><imc instruction="MOVE"><imc instruction="TEMP(290)"/><imc instruction="BINOP(ADD)"><imc instruction="TEMP(288)"/><imc instruction="TEMP(289)"/></imc></imc></stmt><stmt><imc instruction="MOVE"><imc instruction="TEMP(291)"/><imc instruction="TEMP(16)"/></imc></stmt><stmt><imc instruction="MOVE"><imc instruction="TEMP(292)"/><imc instruction="CONST(-8)"/></imc></stmt><stmt><imc instruction="MOVE"><imc instruction="TEMP(293)"/><imc instruction="MEM"><imc instruction="BINOP(ADD)"><imc instruction="TEMP(291)"/><imc instruction="TEMP(292)"/></imc></imc></imc></stmt><stmt><imc instruction="MOVE"><imc instruction="TEMP(294)"/><imc instruction="CONST(1)"/></imc></stmt><stmt><imc instruction="MOVE"><imc instruction="TEMP(295)"/><imc instruction="BINOP(ADD)"><imc instruction="TEMP(293)"/><imc instruction="TEMP(294)"/></imc></imc></stmt><stmt><imc instruction="MOVE"><imc instruction="MEM"><imc instruction="TEMP(290)"/></imc><imc instruction="TEMP(295)"/></imc></stmt><stmt><imc instruction="ESTMT"><imc instruction="CONST(0)"/></imc></stmt><stmt><imc instruction="JUMP(L36)"/></stmt><stmt><imc instruction="LABEL(L38)"/></stmt><stmt><imc instruction="ESTMT"><imc instruction="CONST(0)"/></imc></stmt><stmt><imc instruction="MOVE"><imc instruction="TEMP(296)"/><imc instruction="TEMP(16)"/></imc></stmt><stmt><imc instruction="MOVE"><imc instruction="TEMP(297)"/><imc instruction="CONST(-16)"/></imc></stmt><stmt><imc instruction="MOVE"><imc instruction="TEMP(298)"/><imc instruction="TEMP(16)"/></imc></stmt><stmt><imc instruction="MOVE"><imc instruction="TEMP(299)"/><imc instruction="CONST(-272)"/></imc></stmt><stmt><imc instruction="ESTMT"><imc instruction="CALL(_combs)"><imc instruction="MEM"><imc instruction="TEMP(16)"/></imc><imc instruction="CONST(0)"/><imc instruction="MEM"><imc instruction="BINOP(ADD)"><imc instruction="TEMP(296)"/><imc instruction="TEMP(297)"/></imc></imc><imc instruction="BINOP(ADD)"><imc instruction="TEMP(298)"/><imc instruction="TEMP(299)"/></imc></imc></imc></stmt><stmt><imc instruction="MOVE"><imc instruction="TEMP(300)"/><imc instruction="CONST(0)"/></imc></stmt><stmt><imc instruction="MOVE"><imc instruction="TEMP(17)"/><imc instruction="TEMP(300)"/></imc></stmt><stmt><imc instruction="JUMP(L56)"/></stmt></codechunk></imclin>